Date,Code libellé,Libellé,Mini,Maxi,Moyen,Unité prix,,,
2018-01-04,57219316,ANANAS standard (hors Victoria),1,19,2,15,1,64,la pièce
2018-01-04,57219214,BANANE Afrique vrac,,,1,34,le kg,,
2018-01-04,57219236,BANANE Amérique vrac,,,1,4,le kg,,
2018-01-04,57219375,BANANE biologique,,,1,99,le kg,,
2018-01-04,57219361,CLÉMENTINE hors Fr. vrac,,,2,4,le kg,,
2018-01-04,57219319,KIWI France cdt 1kg,,,2,75,le kg,,
2018-01-04,57222318,KIWI France vrac,0,45,0,59,0,5,la pièce
2018-01-04,57219321,KIWI UE (hors Fr.) cdt 1kg,,,2,77,le kg,,
2018-01-04,57219322,LITCHI vrac,,,3,7,le kg,,
2018-01-04,57219323,MANGUE vrac,0,99,1,99,1,61,la pièce
2018-01-04,57222876,MARRON CHATAIGNE France vrac,,,7,88,le kg,,
2018-01-04,57219360,NOIX AOP Grenoble sac 1kg,,,5,89,le kg,,
2018-01-04,57223741,NOIX AOP Grenoble vrac,,,5,75,le kg,,
2018-01-04,57223725,NOIX sans label France sachet 500g,,,6,4,le kg,,
2018-01-04,57221274,NOIX sans label France vrac,,,6,12,le kg,,
2018-01-04,57219324,ORANGE vrac,1,49,1,99,1,79,le kg
2018-01-04,57219325,POIRE Abate Fétel hors Fr. vrac,,,2,52,le kg,,
2018-01-04,57219329,POIRE Conférence hors Fr. vrac,,,2,51,le kg,,
2018-01-04,57219331,POIRE Doyenne du comice hors Fr. vrac,,,2,2,le kg,,
2018-01-04,57219332,POIRE Williams verte hors Fr. vrac,,,2,69,le kg,,
2018-01-04,57219327,POMME Bicolore France sachet 2kg,,,1,26,le kg,,
2018-01-04,57219328,POMME Braeburn France +170g vrac,,,1,99,le kg,,
2018-01-04,57219226,POMME Gala France +170g vrac,,,1,79,le kg,,
2018-01-04,57219227,POMME Golden France +170g vrac,1,39,1,99,1,89,le kg
2018-01-04,57219372,POMME Golden France biologique,,,3,56,le kg,,
2018-01-04,57219228,POMME Golden France sachet 2kg,0,8,1,35,1,14,le kg
2018-01-04,57219229,POMME Granny smith France +170g vrac,,,2,15,le kg,,
2018-01-11,57219316,ANANAS standard (hors Victoria),1,39,1,99,1,74,la pièce
2018-01-11,57219214,BANANE Afrique vrac,,,1,65,le kg,,
2018-01-11,57219236,BANANE Amérique vrac,,,1,42,le kg,,
2018-01-11,57219375,BANANE biologique,1,99,1,99,1,96,le kg
2018-01-11,57219361,CLÉMENTINE hors Fr. vrac,,,1,98,le kg,,
2018-01-11,57219319,KIWI France cdt 1kg,,,2,75,le kg,,
2018-01-11,57222318,KIWI France vrac,0,25,0,49,0,46,la pièce
2018-01-11,57219321,KIWI UE (hors Fr.) cdt 1kg,,,2,57,le kg,,
2018-01-11,57219322,LITCHI vrac,,,3,48,le kg,,
2018-01-11,57219323,MANGUE vrac,0,59,1,99,1,51,la pièce
2018-01-11,57219360,NOIX AOP Grenoble sac 1kg,,,5,89,le kg,,
2018-01-11,57223741,NOIX AOP Grenoble vrac,,,5,53,le kg,,
2018-01-11,57223725,NOIX sans label France sachet 500g,,,5,98,le kg,,
2018-01-11,57221274,NOIX sans label France vrac,,,5,86,le kg,,
2018-01-11,57219324,ORANGE vrac,1,25,1,99,1,66,le kg
2018-01-11,57219325,POIRE Abate Fétel hors Fr. vrac,,,2,52,le kg,,
2018-01-11,57219329,POIRE Conférence hors Fr. vrac,,,1,79,le kg,,
2018-01-11,57219331,POIRE Doyenne du comice hors Fr. vrac,,,3,le kg,,,
2018-01-11,57219332,POIRE Williams verte hors Fr. vrac,,,2,87,le kg,,
2018-01-11,57219327,POMME Bicolore France sachet 2kg,,,1,31,le kg,,
2018-01-11,57219328,POMME Braeburn France +170g vrac,,,1,99,le kg,,
2018-01-11,57219226,POMME Gala France +170g vrac,,,2,5,le kg,,
2018-01-11,57219227,POMME Golden France +170g vrac,1,89,2,39,2,3,le kg
2018-01-11,57219372,POMME Golden France biologique,,,3,3,le kg,,
2018-01-11,57219228,POMME Golden France sachet 2kg,0,8,1,3,1,9,le kg
2018-01-11,57219229,POMME Granny smith France +170g vrac,,,2,15,le kg,,
2018-01-18,57219316,ANANAS standard (hors Victoria),1,29,2,19,1,73,la pièce
2018-01-18,57219214,BANANE Afrique vrac,,,1,45,le kg,,
2018-01-18,57219236,BANANE Amérique vrac,,,1,28,le kg,,
2018-01-18,57219375,BANANE biologique,1,99,1,99,1,97,le kg
2018-01-18,57219361,CLÉMENTINE hors Fr. vrac,1,49,2,19,1,94,le kg
2018-01-18,57219319,KIWI France cdt 1kg,,,2,65,le kg,,
2018-01-18,57222318,KIWI France vrac,0,25,0,49,0,42,la pièce
2018-01-18,57219321,KIWI UE (hors Fr.) cdt 1kg,,,2,7,le kg,,
2018-01-18,57219322,LITCHI vrac,,,3,69,le kg,,
2018-01-18,57219323,MANGUE vrac,0,89,1,99,1,46,la pièce
2018-01-18,57219360,NOIX AOP Grenoble sac 1kg,,,5,89,le kg,,
2018-01-18,57223741,NOIX AOP Grenoble vrac,,,5,18,le kg,,
2018-01-18,57223725,NOIX sans label France sachet 500g,,,6,26,le kg,,
2018-01-18,57221274,NOIX sans label France vrac,,,5,93,le kg,,
2018-01-18,57219324,ORANGE vrac,1,29,2,2,1,74,le kg
2018-01-18,57219325,POIRE Abate Fétel hors Fr. vrac,,,2,51,le kg,,
2018-01-18,57219306,POIRE Conférence France vrac,,,2,36,le kg,,
2018-01-18,57219329,POIRE Conférence hors Fr. vrac,,,2,38,le kg,,
2018-01-18,57219310,POIRE Doyenne du comice France vrac,,,2,43,le kg,,
2018-01-18,57219331,POIRE Doyenne du comice hors Fr. vrac,,,3,5,le kg,,
2018-01-18,57219332,POIRE Williams verte hors Fr. vrac,,,2,93,le kg,,
2018-01-18,57219327,POMME Bicolore France sachet 2kg,1,25,1,4,1,33,le kg
2018-01-18,57219328,POMME Braeburn France +170g vrac,,,2,4,le kg,,
2018-01-18,57219226,POMME Gala France +170g vrac,,,2,17,le kg,,
2018-01-18,57219227,POMME Golden France +170g vrac,1,79,2,39,2,12,le kg
2018-01-18,57219372,POMME Golden France biologique,,,3,2,le kg,,
2018-01-18,57219228,POMME Golden France sachet 2kg,1,15,1,4,1,29,le kg
2018-01-18,57219229,POMME Granny smith France +170g vrac,,,2,11,le kg,,
2018-01-25,57219316,ANANAS standard (hors Victoria),1,1,2,19,1,72,la pièce
2018-01-25,57219214,BANANE Afrique vrac,,,1,42,le kg,,
2018-01-25,57219236,BANANE Amérique vrac,,,1,61,le kg,,
2018-01-25,57219375,BANANE biologique,1,39,1,99,1,88,le kg
2018-01-25,57219361,CLÉMENTINE hors Fr. vrac,1,49,2,29,1,86,le kg
2018-01-25,57219319,KIWI France cdt 1kg,,,2,82,le kg,,
2018-01-25,57222318,KIWI France vrac,0,3,0,49,0,46,la pièce
2018-01-25,57219321,KIWI UE (hors Fr.) cdt 1kg,,,2,63,le kg,,
2018-01-25,57219323,MANGUE vrac,0,59,1,99,1,43,la pièce
2018-01-25,57219360,NOIX AOP Grenoble sac 1kg,,,5,89,le kg,,
2018-01-25,57223741,NOIX AOP Grenoble vrac,,,5,33,le kg,,
2018-01-25,57223725,NOIX sans label France sachet 500g,,,6,38,le kg,,
2018-01-25,57221274,NOIX sans label France vrac,,,5,93,le kg,,
2018-01-25,57219324,ORANGE vrac,1,39,2,69,1,9,le kg
2018-01-25,57219325,POIRE Abate Fétel hors Fr. vrac,,,2,52,le kg,,
2018-01-25,57219306,POIRE Conférence France vrac,,,2,27,le kg,,
2018-01-25,57219329,POIRE Conférence hors Fr. vrac,,,2,9,le kg,,
2018-01-25,57219310,POIRE Doyenne du comice France vrac,,,2,32,le kg,,
2018-01-25,57219331,POIRE Doyenne du comice hors Fr. vrac,,,3,5,le kg,,
2018-01-25,57219332,POIRE Williams verte hors Fr. vrac,,,2,9,le kg,,
2018-01-25,57219327,POMME Bicolore France sachet 2kg,1,2,1,35,1,3,le kg
2018-01-25,57219328,POMME Braeburn France +170g vrac,,,2,4,le kg,,
2018-01-25,57219226,POMME Gala France +170g vrac,,,2,15,le kg,,
2018-01-25,57219227,POMME Golden France +170g vrac,1,79,2,39,2,11,le kg
2018-01-25,57219372,POMME Golden France biologique,,,3,43,le kg,,
2018-01-25,57219228,POMME Golden France sachet 2kg,1,2,1,4,1,31,le kg
2018-01-25,57219229,POMME Granny smith France +170g vrac,,,2,18,le kg,,
2018-02-01,57219316,ANANAS standard (hors Victoria),1,2,2,19,1,84,la pièce
2018-02-01,57219214,BANANE Afrique vrac,,,1,48,le kg,,
2018-02-01,57219236,BANANE Amérique vrac,,,1,69,le kg,,
2018-02-01,57219375,BANANE biologique,1,99,1,99,1,94,le kg
2018-02-01,57219319,KIWI France cdt 1kg,,,2,52,le kg,,
2018-02-01,57222318,KIWI France vrac,0,33,0,49,0,46,la pièce
2018-02-01,57219321,KIWI UE (hors Fr.) cdt 1kg,,,2,22,le kg,,
2018-02-01,57219323,MANGUE vrac,0,95,1,99,1,43,la pièce
2018-02-01,57219360,NOIX AOP Grenoble sac 1kg,,,5,89,le kg,,
2018-02-01,57223741,NOIX AOP Grenoble vrac,,,5,73,le kg,,
2018-02-01,57223725,NOIX sans label France sachet 500g,,,6,74,le kg,,
2018-02-01,57221274,NOIX sans label France vrac,,,6,12,le kg,,
2018-02-01,57219324,ORANGE vrac,1,29,2,2,1,78,le kg
2018-02-01,57219325,POIRE Abate Fétel hors Fr. vrac,,,2,66,le kg,,
2018-02-01,57219306,POIRE Conférence France vrac,,,2,28,le kg,,
2018-02-01,57219329,POIRE Conférence hors Fr. vrac,,,2,29,le kg,,
2018-02-01,57219310,POIRE Doyenne du comice France vrac,,,2,41,le kg,,
2018-02-01,57219331,POIRE Doyenne du comice hors Fr. vrac,,,3,23,le kg,,
2018-02-01,57219332,POIRE Williams verte hors Fr. vrac,,,2,9,le kg,,
2018-02-01,57219327,POMME Bicolore France sachet 2kg,1,25,1,4,1,35,le kg
2018-02-01,57219328,POMME Braeburn France +170g vrac,,,1,99,le kg,,
2018-02-01,57219226,POMME Gala France +170g vrac,,,1,85,le kg,,
2018-02-01,57219274,POMME Golden France 136/180g vrac,,,1,62,le kg,,
2018-02-01,57219227,POMME Golden France +170g vrac,1,69,2,19,1,91,le kg
2018-02-01,57219372,POMME Golden France biologique,,,3,34,le kg,,
2018-02-01,57219228,POMME Golden France sachet 2kg,1,25,1,4,1,35,le kg
2018-02-01,57219229,POMME Granny smith France +170g vrac,,,1,89,le kg,,
2018-02-08,57219316,ANANAS standard (hors Victoria),1,29,2,19,1,88,la pièce
2018-02-08,57219214,BANANE Afrique vrac,,,1,58,le kg,,
2018-02-08,57219236,BANANE Amérique vrac,,,1,52,le kg,,
2018-02-08,57219375,BANANE biologique,1,49,1,99,1,89,le kg
2018-02-08,57219319,KIWI France cdt 1kg,,,2,68,le kg,,
2018-02-08,57222318,KIWI France vrac,0,33,0,49,0,45,la pièce
2018-02-08,57219321,KIWI UE (hors Fr.) cdt 1kg,,,2,41,le kg,,
2018-02-08,57219323,MANGUE vrac,0,99,1,99,1,43,la pièce
2018-02-08,57219360,NOIX AOP Grenoble sac 1kg,,,5,89,le kg,,
2018-02-08,57223741,NOIX AOP Grenoble vrac,,,5,86,le kg,,
2018-02-08,57223725,NOIX sans label France sachet 500g,,,6,88,le kg,,
2018-02-08,57221274,NOIX sans label France vrac,,,5,98,le kg,,
2018-02-08,57219324,ORANGE vrac,1,29,2,35,1,81,le kg
2018-02-08,57219325,POIRE Abate Fétel hors Fr. vrac,,,2,64,le kg,,
2018-02-08,57219306,POIRE Conférence France vrac,,,2,42,le kg,,
2018-02-08,57219329,POIRE Conférence hors Fr. vrac,,,2,38,le kg,,
2018-02-08,57219310,POIRE Doyenne du comice France vrac,,,2,52,le kg,,
2018-02-08,57219331,POIRE Doyenne du comice hors Fr. vrac,,,3,39,le kg,,
2018-02-08,57219332,POIRE Williams verte hors Fr. vrac,,,2,93,le kg,,
2018-02-08,57219327,POMME Bicolore France sachet 2kg,1,25,1,4,1,36,le kg
2018-02-08,57219328,POMME Braeburn France +170g vrac,,,1,99,le kg,,
2018-02-08,57219226,POMME Gala France +170g vrac,,,2,9,le kg,,
2018-02-08,57219274,POMME Golden France 136/180g vrac,,,1,57,le kg,,
2018-02-08,57219227,POMME Golden France +170g vrac,,,2,3,le kg,,
2018-02-08,57219372,POMME Golden France biologique,,,3,33,le kg,,
2018-02-08,57219228,POMME Golden France sachet 2kg,1,1,4,1,3,le kg,
2018-02-08,57219229,POMME Granny smith France +170g vrac,,,2,9,le kg,,
2018-02-15,57219316,ANANAS standard (hors Victoria),1,19,2,19,1,88,la pièce
2018-02-15,57219214,BANANE Afrique vrac,,,1,6,le kg,,
2018-02-15,57219236,BANANE Amérique vrac,,,1,55,le kg,,
2018-02-15,57219375,BANANE biologique,1,49,1,99,1,81,le kg
2018-02-15,57219319,KIWI France cdt 1kg,,,2,88,le kg,,
2018-02-15,57222318,KIWI France vrac,0,35,0,49,0,44,la pièce
2018-02-15,57219321,KIWI UE (hors Fr.) cdt 1kg,,,2,14,le kg,,
2018-02-15,57219323,MANGUE vrac,0,89,1,99,1,29,la pièce
2018-02-15,57223741,NOIX AOP Grenoble vrac,,,6,31,le kg,,
2018-02-15,57223725,NOIX sans label France sachet 500g,,,7,84,le kg,,
2018-02-15,57221274,NOIX sans label France vrac,,,6,53,le kg,,
2018-02-15,57219324,ORANGE vrac,1,49,2,69,1,95,le kg
2018-02-15,57219325,POIRE Abate Fétel hors Fr. vrac,,,2,71,le kg,,
2018-02-15,57219306,POIRE Conférence France vrac,,,2,58,le kg,,
2018-02-15,57219329,POIRE Conférence hors Fr. vrac,,,2,46,le kg,,
2018-02-15,57219331,POIRE Doyenne du comice hors Fr. vrac,,,3,21,le kg,,
2018-02-15,57219332,POIRE Williams verte hors Fr. vrac,,,2,91,le kg,,
2018-02-15,57219327,POMME Bicolore France sachet 2kg,,,1,34,le kg,,
2018-02-15,57219328,POMME Braeburn France +170g vrac,,,2,6,le kg,,
2018-02-15,57219226,POMME Gala France +170g vrac,,,2,9,le kg,,
2018-02-15,57219274,POMME Golden France 136/180g vrac,,,1,61,le kg,,
2018-02-15,57219227,POMME Golden France +170g vrac,1,89,2,29,2,8,le kg
2018-02-15,57219372,POMME Golden France biologique,,,3,64,le kg,,
2018-02-15,57219228,POMME Golden France sachet 2kg,1,35,1,4,1,37,le kg
2018-02-15,57219229,POMME Granny smith France +170g vrac,,,2,7,le kg,,
2018-02-22,57219316,ANANAS standard (hors Victoria),1,19,2,9,1,65,la pièce
2018-02-22,57219214,BANANE Afrique vrac,,,1,61,le kg,,
2018-02-22,57219236,BANANE Amérique vrac,,,1,5,le kg,,
2018-02-22,57219375,BANANE biologique,1,39,1,99,1,8,le kg
2018-02-22,57219319,KIWI France cdt 1kg,,,2,91,le kg,,
2018-02-22,57222318,KIWI France vrac,0,35,0,49,0,46,la pièce
2018-02-22,57219321,KIWI UE (hors Fr.) cdt 1kg,,,2,61,le kg,,
2018-02-22,57219323,MANGUE vrac,0,89,1,99,1,39,la pièce
2018-02-22,57223741,NOIX AOP Grenoble vrac,,,6,41,le kg,,
2018-02-22,57223725,NOIX sans label France sachet 500g,,,7,57,le kg,,
2018-02-22,57221274,NOIX sans label France vrac,,,6,6,le kg,,
2018-02-22,57219324,ORANGE vrac,0,99,2,69,1,83,le kg
2018-02-22,57219325,POIRE Abate Fétel hors Fr. vrac,,,2,66,le kg,,
2018-02-22,57219306,POIRE Conférence France vrac,,,2,66,le kg,,
2018-02-22,57219329,POIRE Conférence hors Fr. vrac,,,2,16,le kg,,
2018-02-22,57219331,POIRE Doyenne du comice hors Fr. vrac,,,3,19,le kg,,
2018-02-22,57219332,POIRE Williams verte hors Fr. vrac,,,2,83,le kg,,
2018-02-22,57219327,POMME Bicolore France sachet 2kg,1,25,1,4,1,34,le kg
2018-02-22,57219328,POMME Braeburn France +170g vrac,,,2,6,le kg,,
2018-02-22,57219226,POMME Gala France +170g vrac,,,2,11,le kg,,
2018-02-22,57219274,POMME Golden France 136/180g vrac,,,1,71,le kg,,
2018-02-22,57219227,POMME Golden France +170g vrac,1,49,2,29,1,96,le kg
2018-02-22,57219372,POMME Golden France biologique,,,3,37,le kg,,
2018-02-22,57219228,POMME Golden France sachet 2kg,0,85,1,4,1,29,le kg
2018-02-22,57219229,POMME Granny smith France +170g vrac,,,2,3,le kg,,
2018-03-01,57219316,ANANAS standard (hors Victoria),1,19,2,19,1,75,la pièce
2018-03-01,57219214,BANANE Afrique vrac,,,1,46,le kg,,
2018-03-01,57219236,BANANE Amérique vrac,,,1,31,le kg,,
2018-03-01,57219375,BANANE biologique,1,49,1,99,1,9,le kg
2018-03-01,57219333,FRAISE standard hors Fr. barq.500g,,,3,94,le kg,,
2018-03-01,57219319,KIWI France cdt 1kg,,,2,84,le kg,,
2018-03-01,57222318,KIWI France vrac,0,39,0,5,0,46,la pièce
2018-03-01,57219321,KIWI UE (hors Fr.) cdt 1kg,,,2,75,le kg,,
2018-03-01,57219323,MANGUE vrac,0,89,2,1,4,la pièce,
2018-03-01,57223741,NOIX AOP Grenoble vrac,,,6,32,le kg,,
2018-03-01,57223725,NOIX sans label France sachet 500g,,,7,88,le kg,,
2018-03-01,57221274,NOIX sans label France vrac,,,6,67,le kg,,
2018-03-01,57219324,ORANGE vrac,1,39,2,66,1,85,le kg
2018-03-01,57219325,POIRE Abate Fétel hors Fr. vrac,,,2,69,le kg,,
2018-03-01,57219306,POIRE Conférence France vrac,,,2,66,le kg,,
2018-03-01,57219329,POIRE Conférence hors Fr. vrac,,,2,29,le kg,,
2018-03-01,57219331,POIRE Doyenne du comice hors Fr. vrac,,,3,17,le kg,,
2018-03-01,57219332,POIRE Williams verte hors Fr. vrac,,,2,89,le kg,,
2018-03-01,57219327,POMME Bicolore France sachet 2kg,1,1,4,1,31,le kg,
2018-03-01,57219226,POMME Gala France +170g vrac,,,2,11,le kg,,
2018-03-01,57219274,POMME Golden France 136/180g vrac,,,1,73,le kg,,
2018-03-01,57219227,POMME Golden France +170g vrac,1,69,2,29,2,6,le kg
2018-03-01,57219372,POMME Golden France biologique,,,3,64,le kg,,
2018-03-01,57219228,POMME Golden France sachet 2kg,1,1,4,1,3,le kg,
2018-03-01,57219229,POMME Granny smith France +170g vrac,,,2,8,le kg,,
2018-03-08,57219316,ANANAS standard (hors Victoria),1,29,2,25,1,82,la pièce
2018-03-08,57219214,BANANE Afrique vrac,,,1,25,le kg,,
2018-03-08,57219236,BANANE Amérique vrac,,,1,43,le kg,,
2018-03-08,57219375,BANANE biologique,1,89,1,99,1,94,le kg
2018-03-08,57219333,FRAISE standard hors Fr. barq.500g,,,4,3,le kg,,
2018-03-08,57219319,KIWI France cdt 1kg,,,2,79,le kg,,
2018-03-08,57222318,KIWI France vrac,0,39,0,5,0,47,la pièce
2018-03-08,57219321,KIWI UE (hors Fr.) cdt 1kg,,,2,67,le kg,,
2018-03-08,57219323,MANGUE vrac,0,99,1,99,1,51,la pièce
2018-03-08,57219324,ORANGE vrac,1,39,1,99,1,75,le kg
2018-03-08,57219325,POIRE Abate Fétel hors Fr. vrac,,,2,68,le kg,,
2018-03-08,57219306,POIRE Conférence France vrac,,,2,11,le kg,,
2018-03-08,57219329,POIRE Conférence hors Fr. vrac,,,1,92,le kg,,
2018-03-08,57219331,POIRE Doyenne du comice hors Fr. vrac,,,3,11,le kg,,
2018-03-08,57219332,POIRE Williams verte hors Fr. vrac,,,2,86,le kg,,
2018-03-08,57219327,POMME Bicolore France sachet 2kg,1,35,1,4,1,38,le kg
2018-03-08,57219328,POMME Braeburn France +170g vrac,,,1,85,le kg,,
2018-03-08,57219294,POMME Gala France 136/180g vrac,,,2,1,le kg,,
2018-03-08,57219226,POMME Gala France +170g vrac,,,1,8,le kg,,
2018-03-08,57219274,POMME Golden France 136/180g vrac,,,1,97,le kg,,
2018-03-08,57219227,POMME Golden France +170g vrac,1,49,1,99,1,89,le kg
2018-03-08,57219372,POMME Golden France biologique,,,3,32,le kg,,
2018-03-08,57219228,POMME Golden France sachet 2kg,1,25,1,4,1,33,le kg
2018-03-08,57219229,POMME Granny smith France +170g vrac,,,2,15,le kg,,
2018-03-15,57219316,ANANAS standard (hors Victoria),1,69,2,25,1,91,la pièce
2018-03-15,57219214,BANANE Afrique vrac,,,1,28,le kg,,
2018-03-15,57219236,BANANE Amérique vrac,,,1,1,le kg,,
2018-03-15,57219375,BANANE biologique,1,89,1,99,1,95,le kg
2018-03-15,57219238,FRAISE Gariguette France barq.250g,,,13,16,le kg,,
2018-03-15,57219333,FRAISE standard hors Fr. barq.500g,2,58,3,58,3,31,le kg
2018-03-15,57219319,KIWI France cdt 1kg,,,2,89,le kg,,
2018-03-15,57222318,KIWI France vrac,0,39,0,49,0,47,la pièce
2018-03-15,57219321,KIWI UE (hors Fr.) cdt 1kg,,,2,22,le kg,,
2018-03-15,57219323,MANGUE vrac,0,99,1,99,1,44,la pièce
2018-03-15,57219324,ORANGE vrac,,,1,91,le kg,,
2018-03-15,57219325,POIRE Abate Fétel hors Fr. vrac,,,2,68,le kg,,
2018-03-15,57219306,POIRE Conférence France vrac,,,2,33,le kg,,
2018-03-15,57219329,POIRE Conférence hors Fr. vrac,,,2,25,le kg,,
2018-03-15,57219332,POIRE Williams verte hors Fr. vrac,,,2,92,le kg,,
2018-03-15,57219327,POMME Bicolore France sachet 2kg,,,1,38,le kg,,
2018-03-15,57219328,POMME Braeburn France +170g vrac,,,1,93,le kg,,
2018-03-15,57219226,POMME Gala France +170g vrac,,,2,2,le kg,,
2018-03-15,57219274,POMME Golden France 136/180g vrac,,,1,8,le kg,,
2018-03-15,57219227,POMME Golden France +170g vrac,1,79,2,29,2,7,le kg
2018-03-15,57219372,POMME Golden France biologique,,,3,25,le kg,,
2018-03-15,57219228,POMME Golden France sachet 2kg,1,25,1,4,1,35,le kg
2018-03-15,57219229,POMME Granny smith France +170g vrac,,,2,15,le kg,,
2018-03-22,57219316,ANANAS standard (hors Victoria),1,24,2,48,1,93,la pièce
2018-03-22,57219214,BANANE Afrique vrac,,,1,39,le kg,,
2018-03-22,57219236,BANANE Amérique vrac,,,1,47,le kg,,
2018-03-22,57219375,BANANE biologique,1,89,1,99,1,95,le kg
2018-03-22,57219238,FRAISE Gariguette France barq.250g,,,11,89,le kg,,
2018-03-22,57219333,FRAISE standard hors Fr. barq.500g,,,3,66,le kg,,
2018-03-22,57219319,KIWI France cdt 1kg,,,2,94,le kg,,
2018-03-22,57222318,KIWI France vrac,0,39,0,55,0,46,la pièce
2018-03-22,57219321,KIWI UE (hors Fr.) cdt 1kg,,,2,44,le kg,,
2018-03-22,57219323,MANGUE vrac,0,99,1,99,1,24,la pièce
2018-03-22,57219324,ORANGE vrac,1,49,1,99,1,86,le kg
2018-03-22,57219325,POIRE Abate Fétel hors Fr. vrac,,,2,68,le kg,,
2018-03-22,57219306,POIRE Conférence France vrac,,,2,55,le kg,,
2018-03-22,57219329,POIRE Conférence hors Fr. vrac,,,2,3,le kg,,
2018-03-22,57219332,POIRE Williams verte hors Fr. vrac,,,2,91,le kg,,
2018-03-22,57219327,POMME Bicolore France sachet 2kg,,,1,4,le kg,,
2018-03-22,57219328,POMME Braeburn France +170g vrac,,,2,4,le kg,,
2018-03-22,57219294,POMME Gala France 136/180g vrac,,,1,65,le kg,,
2018-03-22,57219226,POMME Gala France +170g vrac,,,1,98,le kg,,
2018-03-22,57219274,POMME Golden France 136/180g vrac,,,1,81,le kg,,
2018-03-22,57219227,POMME Golden France +170g vrac,1,29,2,29,1,95,le kg
2018-03-22,57219372,POMME Golden France biologique,,,3,33,le kg,,
2018-03-22,57219228,POMME Golden France sachet 2kg,1,25,1,45,1,38,le kg
2018-03-22,57219229,POMME Granny smith France +170g vrac,,,2,21,le kg,,
2018-03-29,57219316,ANANAS standard (hors Victoria),1,49,2,9,1,9,la pièce
2018-03-29,57219214,BANANE Afrique vrac,,,1,54,le kg,,
2018-03-29,57219236,BANANE Amérique vrac,,,1,53,le kg,,
2018-03-29,57219375,BANANE biologique,1,49,1,99,1,84,le kg
2018-03-29,57219238,FRAISE Gariguette France barq.250g,,,10,45,le kg,,
2018-03-29,57219333,FRAISE standard hors Fr. barq.500g,2,98,3,98,3,9,le kg
2018-03-29,57219319,KIWI France cdt 1kg,,,2,94,le kg,,
2018-03-29,57222318,KIWI France vrac,0,39,0,55,0,49,la pièce
2018-03-29,57219321,KIWI UE (hors Fr.) cdt 1kg,,,2,73,le kg,,
2018-03-29,57219323,MANGUE vrac,1,19,1,99,1,49,la pièce
2018-03-29,57219324,ORANGE vrac,,,1,85,le kg,,
2018-03-29,57219325,POIRE Abate Fétel hors Fr. vrac,,,2,65,le kg,,
2018-03-29,57219306,POIRE Conférence France vrac,,,2,48,le kg,,
2018-03-29,57219329,POIRE Conférence hors Fr. vrac,,,2,32,le kg,,
2018-03-29,57219332,POIRE Williams verte hors Fr. vrac,,,2,85,le kg,,
2018-03-29,57219327,POMME Bicolore France sachet 2kg,,,1,35,le kg,,
2018-03-29,57219328,POMME Braeburn France +170g vrac,,,2,14,le kg,,
2018-03-29,57219226,POMME Gala France +170g vrac,,,1,88,le kg,,
2018-03-29,57219274,POMME Golden France 136/180g vrac,,,2,2,le kg,,
2018-03-29,57219227,POMME Golden France +170g vrac,1,49,2,29,1,92,le kg
2018-03-29,57219372,POMME Golden France biologique,,,3,77,le kg,,
2018-03-29,57219228,POMME Golden France sachet 2kg,1,1,45,1,32,le kg,
2018-03-29,57219229,POMME Granny smith France +170g vrac,,,2,18,le kg,,
2018-04-05,57219316,ANANAS standard (hors Victoria),1,39,1,89,1,71,la pièce
2018-04-05,57219214,BANANE Afrique vrac,,,1,48,le kg,,
2018-04-05,57219236,BANANE Amérique vrac,,,1,56,le kg,,
2018-04-05,57219375,BANANE biologique,1,39,1,99,1,79,le kg
2018-04-05,57219238,FRAISE Gariguette France barq.250g,,,10,11,le kg,,
2018-04-05,57219373,FRAISE standard France barq.500g,,,9,98,le kg,,
2018-04-05,57219333,FRAISE standard hors Fr. barq.500g,,,4,le kg,,,
2018-04-05,57219319,KIWI France cdt 1kg,,,2,94,le kg,,
2018-04-05,57222318,KIWI France vrac,0,39,0,55,0,49,la pièce
2018-04-05,57219321,KIWI UE (hors Fr.) cdt 1kg,,,2,21,le kg,,
2018-04-05,57219323,MANGUE vrac,0,99,1,98,1,43,la pièce
2018-04-05,57219324,ORANGE vrac,,,1,74,le kg,,
2018-04-05,57219325,POIRE Abate Fétel hors Fr. vrac,,,2,27,le kg,,
2018-04-05,57219329,POIRE Conférence hors Fr. vrac,,,2,4,le kg,,
2018-04-05,57219332,POIRE Williams verte hors Fr. vrac,,,2,43,le kg,,
2018-04-05,57219327,POMME Bicolore France sachet 2kg,,,1,38,le kg,,
2018-04-05,57219226,POMME Gala France +170g vrac,,,2,13,le kg,,
2018-04-05,57219274,POMME Golden France 136/180g vrac,,,2,16,le kg,,
2018-04-05,57219227,POMME Golden France +170g vrac,,,2,14,le kg,,
2018-04-05,57219372,POMME Golden France biologique,,,3,63,le kg,,
2018-04-05,57219228,POMME Golden France sachet 2kg,,,1,4,le kg,,
2018-04-05,57219229,POMME Granny smith France +170g vrac,,,2,26,le kg,,
2018-04-12,57219316,ANANAS standard (hors Victoria),1,49,2,15,1,75,la pièce
2018-04-12,57219214,BANANE Afrique vrac,,,1,49,le kg,,
2018-04-12,57219236,BANANE Amérique vrac,,,1,54,le kg,,
2018-04-12,57219375,BANANE biologique,1,35,1,99,1,78,le kg
2018-04-12,57219238,FRAISE Gariguette France barq.250g,7,96,13,96,10,27,le kg
2018-04-12,57219373,FRAISE standard France barq.500g,,,9,12,le kg,,
2018-04-12,57219333,FRAISE standard hors Fr. barq.500g,2,7,5,98,3,55,le kg
2018-04-12,57219319,KIWI France cdt 1kg,,,2,95,le kg,,
2018-04-12,57222318,KIWI France vrac,0,44,0,55,0,49,la pièce
2018-04-12,57219321,KIWI UE (hors Fr.) cdt 1kg,,,2,75,le kg,,
2018-04-12,57219323,MANGUE vrac,1,39,1,99,1,64,la pièce
2018-04-12,57219324,ORANGE vrac,,,1,95,le kg,,
2018-04-12,57219325,POIRE Abate Fétel hors Fr. vrac,,,2,56,le kg,,
2018-04-12,57219306,POIRE Conférence France vrac,,,2,59,le kg,,
2018-04-12,57219329,POIRE Conférence hors Fr. vrac,,,2,3,le kg,,
2018-04-12,57219326,POIRE Rochas hors Fr. vrac,,,1,99,le kg,,
2018-04-12,57219332,POIRE Williams verte hors Fr. vrac,,,2,8,le kg,,
2018-04-12,57219327,POMME Bicolore France sachet 2kg,,,1,41,le kg,,
2018-04-12,57219226,POMME Gala France +170g vrac,,,2,1,le kg,,
2018-04-12,57219274,POMME Golden France 136/180g vrac,,,2,17,le kg,,
2018-04-12,57219227,POMME Golden France +170g vrac,1,79,2,49,2,15,le kg
2018-04-12,57219372,POMME Golden France biologique,,,3,51,le kg,,
2018-04-12,57219228,POMME Golden France sachet 2kg,1,4,1,5,1,43,le kg
2018-04-12,57219229,POMME Granny smith France +170g vrac,,,2,24,le kg,,
2018-04-19,57219316,ANANAS standard (hors Victoria),1,79,2,1,1,92,la pièce
2018-04-19,57219214,BANANE Afrique vrac,,,1,38,le kg,,
2018-04-19,57219236,BANANE Amérique vrac,,,1,31,le kg,,
2018-04-19,57219375,BANANE biologique,1,35,1,99,1,83,le kg
2018-04-19,57219238,FRAISE Gariguette France barq.250g,9,16,13,96,10,49,le kg
2018-04-19,57219373,FRAISE standard France barq.500g,,,7,41,le kg,,
2018-04-19,57219333,FRAISE standard hors Fr. barq.500g,1,98,5,98,3,57,le kg
2018-04-19,57219319,KIWI France cdt 1kg,,,2,67,le kg,,
2018-04-19,57222318,KIWI France vrac,0,44,0,55,0,49,la pièce
2018-04-19,57219321,KIWI UE (hors Fr.) cdt 1kg,,,2,59,le kg,,
2018-04-19,57219323,MANGUE vrac,1,49,1,99,1,63,la pièce
2018-04-19,57219324,ORANGE vrac,1,79,1,99,1,96,le kg
2018-04-19,57219325,POIRE Abate Fétel hors Fr. vrac,,,2,66,le kg,,
2018-04-19,57219306,POIRE Conférence France vrac,,,2,74,le kg,,
2018-04-19,57219329,POIRE Conférence hors Fr. vrac,,,2,24,le kg,,
2018-04-19,57219332,POIRE Williams verte hors Fr. vrac,,,2,93,le kg,,
2018-04-19,57219327,POMME Bicolore France sachet 2kg,,,1,47,le kg,,
2018-04-19,57219328,POMME Braeburn France +170g vrac,,,2,25,le kg,,
2018-04-19,57219226,POMME Gala France +170g vrac,,,2,18,le kg,,
2018-04-19,57219274,POMME Golden France 136/180g vrac,,,2,2,le kg,,
2018-04-19,57219227,POMME Golden France +170g vrac,1,99,2,39,2,21,le kg
2018-04-19,57219372,POMME Golden France biologique,,,3,47,le kg,,
2018-04-19,57219228,POMME Golden France sachet 2kg,,,1,44,le kg,,
2018-04-19,57219229,POMME Granny smith France +170g vrac,,,2,27,le kg,,
2018-04-26,57219316,ANANAS standard (hors Victoria),1,69,1,99,1,81,la pièce
2018-04-26,57219214,BANANE Afrique vrac,,,1,49,le kg,,
2018-04-26,57219236,BANANE Amérique vrac,,,1,53,le kg,,
2018-04-26,57219375,BANANE biologique,1,59,1,99,1,88,le kg
2018-04-26,57219238,FRAISE Gariguette France barq.250g,9,96,11,96,10,77,le kg
2018-04-26,57219373,FRAISE standard France barq.500g,,,7,64,le kg,,
2018-04-26,57219333,FRAISE standard hors Fr. barq.500g,1,98,3,18,2,72,le kg
2018-04-26,57219319,KIWI France cdt 1kg,,,2,78,le kg,,
2018-04-26,57222318,KIWI France vrac,0,35,0,55,0,47,la pièce
2018-04-26,57219321,KIWI UE (hors Fr.) cdt 1kg,,,2,24,le kg,,
2018-04-26,57219323,MANGUE vrac,0,99,1,99,1,56,la pièce
2018-04-26,57219324,ORANGE vrac,1,79,1,99,1,88,le kg
2018-04-26,57219325,POIRE Abate Fétel hors Fr. vrac,,,2,8,le kg,,
2018-04-26,57219306,POIRE Conférence France vrac,,,2,62,le kg,,
2018-04-26,57219329,POIRE Conférence hors Fr. vrac,,,2,3,le kg,,
2018-04-26,57219332,POIRE Williams verte hors Fr. vrac,,,2,97,le kg,,
2018-04-26,57219327,POMME Bicolore France sachet 2kg,,,1,51,le kg,,
2018-04-26,57219328,POMME Braeburn France +170g vrac,,,2,33,le kg,,
2018-04-26,57219226,POMME Gala France +170g vrac,,,2,26,le kg,,
2018-04-26,57219274,POMME Golden France 136/180g vrac,,,2,2,le kg,,
2018-04-26,57219227,POMME Golden France +170g vrac,1,99,2,49,2,28,le kg
2018-04-26,57219372,POMME Golden France biologique,,,3,54,le kg,,
2018-04-26,57219228,POMME Golden France sachet 2kg,,,1,48,le kg,,
2018-04-26,57219229,POMME Granny smith France +170g vrac,,,2,38,le kg,,
2018-05-03,57219316,ANANAS standard (hors Victoria),1,79,1,99,1,89,la pièce
2018-05-03,57219214,BANANE Afrique vrac,,,1,57,le kg,,
2018-05-03,57219236,BANANE Amérique vrac,,,1,41,le kg,,
2018-05-03,57219375,BANANE biologique,1,59,1,99,1,95,le kg
2018-05-03,57219238,FRAISE Gariguette France barq.250g,,,9,74,le kg,,
2018-05-03,57219373,FRAISE standard France barq.500g,,,5,6,le kg,,
2018-05-03,57219333,FRAISE standard hors Fr. barq.500g,,,3,9,le kg,,
2018-05-03,57219319,KIWI France cdt 1kg,,,2,96,le kg,,
2018-05-03,57222318,KIWI France vrac,0,39,0,55,0,48,la pièce
2018-05-03,57219321,KIWI UE (hors Fr.) cdt 1kg,,,2,65,le kg,,
2018-05-03,57219323,MANGUE vrac,0,89,1,99,1,51,la pièce
2018-05-03,57219324,ORANGE vrac,,,1,93,le kg,,
2018-05-03,57219306,POIRE Conférence France vrac,,,2,62,le kg,,
2018-05-03,57219329,POIRE Conférence hors Fr. vrac,,,2,53,le kg,,
2018-05-03,57219332,POIRE Williams verte hors Fr. vrac,,,2,97,le kg,,
2018-05-03,57219327,POMME Bicolore France sachet 2kg,,,1,54,le kg,,
2018-05-03,57219328,POMME Braeburn France +170g vrac,,,2,34,le kg,,
2018-05-03,57219226,POMME Gala France +170g vrac,,,2,36,le kg,,
2018-05-03,57219274,POMME Golden France 136/180g vrac,,,2,31,le kg,,
2018-05-03,57219227,POMME Golden France +170g vrac,1,99,2,49,2,28,le kg
2018-05-03,57219372,POMME Golden France biologique,,,3,37,le kg,,
2018-05-03,57219228,POMME Golden France sachet 2kg,,,1,51,le kg,,
2018-05-03,57219229,POMME Granny smith France +170g vrac,,,2,41,le kg,,
2018-05-10,57219316,ANANAS standard (hors Victoria),1,79,1,99,1,91,la pièce
2018-05-10,57219214,BANANE Afrique vrac,,,1,29,le kg,,
2018-05-10,57219236,BANANE Amérique vrac,,,1,49,le kg,,
2018-05-10,57219375,BANANE biologique,1,99,1,99,1,95,le kg
2018-05-10,57219238,FRAISE Gariguette France barq.250g,,,10,84,le kg,,
2018-05-10,57219373,FRAISE standard France barq.500g,,,5,67,le kg,,
2018-05-10,57219333,FRAISE standard hors Fr. barq.500g,,,3,71,le kg,,
2018-05-10,57219384,FRAMBOISE hors Fr. barq.125g,,,14,32,le kg,,
2018-05-10,57219319,KIWI France cdt 1kg,,,2,99,le kg,,
2018-05-10,57222318,KIWI France vrac,,,0,49,la pièce,,
2018-05-10,57219321,KIWI UE (hors Fr.) cdt 1kg,,,2,72,le kg,,
2018-05-10,57222834,KIWI UE (hors Fr.) vrac,,,0,45,la pièce,,
2018-05-10,57219323,MANGUE vrac,0,69,1,99,1,35,la pièce
2018-05-10,57219324,ORANGE vrac,,,1,93,le kg,,
2018-05-10,57219306,POIRE Conférence France vrac,,,2,71,le kg,,
2018-05-10,57219329,POIRE Conférence hors Fr. vrac,,,2,54,le kg,,
2018-05-10,57219332,POIRE Williams verte hors Fr. vrac,,,2,81,le kg,,
2018-05-10,57219327,POMME Bicolore France sachet 2kg,,,1,48,le kg,,
2018-05-10,57219226,POMME Gala France +170g vrac,,,2,37,le kg,,
2018-05-10,57219274,POMME Golden France 136/180g vrac,,,2,21,le kg,,
2018-05-10,57219227,POMME Golden France +170g vrac,1,63,2,39,2,15,le kg
2018-05-10,57219372,POMME Golden France biologique,,,3,4,le kg,,
2018-05-10,57219228,POMME Golden France sachet 2kg,,,1,54,le kg,,
2018-05-10,57219229,POMME Granny smith France +170g vrac,,,2,52,le kg,,
2018-05-17,57219316,ANANAS standard (hors Victoria),0,99,2,2,1,76,la pièce
2018-05-17,57219214,BANANE Afrique vrac,,,1,53,le kg,,
2018-05-17,57219236,BANANE Amérique vrac,,,1,54,le kg,,
2018-05-17,57219375,BANANE biologique,1,49,1,99,1,82,le kg
2018-05-17,57219238,FRAISE Gariguette France barq.250g,7,56,11,96,10,12,le kg
2018-05-17,57219373,FRAISE standard France barq.500g,,,5,41,le kg,,
2018-05-17,57219333,FRAISE standard hors Fr. barq.500g,,,3,71,le kg,,
2018-05-17,57219384,FRAMBOISE hors Fr. barq.125g,,,14,92,le kg,,
2018-05-17,57219319,KIWI France cdt 1kg,,,2,49,le kg,,
2018-05-17,57222318,KIWI France vrac,0,44,0,55,0,49,la pièce
2018-05-17,57219321,KIWI UE (hors Fr.) cdt 1kg,,,2,58,le kg,,
2018-05-17,57222834,KIWI UE (hors Fr.) vrac,,,0,46,la pièce,,
2018-05-17,57219323,MANGUE vrac,0,69,1,99,1,28,la pièce
2018-05-17,57219324,ORANGE vrac,,,1,88,le kg,,
2018-05-17,57219306,POIRE Conférence France vrac,,,2,72,le kg,,
2018-05-17,57219329,POIRE Conférence hors Fr. vrac,,,2,52,le kg,,
2018-05-17,57219332,POIRE Williams verte hors Fr. vrac,,,2,83,le kg,,
2018-05-17,57219327,POMME Bicolore France sachet 2kg,,,1,52,le kg,,
2018-05-17,57219226,POMME Gala France +170g vrac,,,2,33,le kg,,
2018-05-17,57219274,POMME Golden France 136/180g vrac,,,2,44,le kg,,
2018-05-17,57219227,POMME Golden France +170g vrac,1,99,2,49,2,22,le kg
2018-05-17,57219228,POMME Golden France sachet 2kg,,,1,55,le kg,,
2018-05-17,57219229,POMME Granny smith France +170g vrac,,,2,56,le kg,,
2018-05-24,57219340,ABRICOT autres variétés hors Fr. 40-45mm vrac,,,3,54,le kg,,
2018-05-24,57220756,ABRICOT autres variétés hors Fr. 45-50mm vrac,,,3,39,le kg,,
2018-05-24,57219338,ABRICOT hors Fr. barq.1kg,,,2,82,le kg,,
2018-05-24,57219316,ANANAS standard (hors Victoria),1,19,2,19,1,83,la pièce
2018-05-24,57219214,BANANE Afrique vrac,,,1,51,le kg,,
2018-05-24,57219236,BANANE Amérique vrac,,,1,61,le kg,,
2018-05-24,57219375,BANANE biologique,1,49,1,99,1,85,le kg
2018-05-24,57219252,CERISE rouge France -26mm vrac,,,5,41,le kg,,
2018-05-24,57219257,CERISE rouge France barq.,,,6,98,le kg,,
2018-05-24,57219238,FRAISE Gariguette France barq.250g,,,10,38,le kg,,
2018-05-24,57219373,FRAISE standard France barq.500g,3,98,5,98,5,8,le kg
2018-05-24,57219333,FRAISE standard hors Fr. barq.500g,,,3,78,le kg,,
2018-05-24,57219384,FRAMBOISE hors Fr. barq.125g,,,14,13,le kg,,
2018-05-24,57219319,KIWI France cdt 1kg,,,2,64,le kg,,
2018-05-24,57222318,KIWI France vrac,,,0,47,la pièce,,
2018-05-24,57219321,KIWI UE (hors Fr.) cdt 1kg,,,2,73,le kg,,
2018-05-24,57222834,KIWI UE (hors Fr.) vrac,,,0,47,la pièce,,
2018-05-24,57219323,MANGUE vrac,0,89,1,99,1,45,la pièce
2018-05-24,57219324,ORANGE vrac,1,79,2,2,1,97,le kg
2018-05-24,57219306,POIRE Conférence France vrac,,,2,68,le kg,,
2018-05-24,57219329,POIRE Conférence hors Fr. vrac,,,2,47,le kg,,
2018-05-24,57219332,POIRE Williams verte hors Fr. vrac,,,2,84,le kg,,
2018-05-24,57219327,POMME Bicolore France sachet 2kg,,,1,54,le kg,,
2018-05-24,57219226,POMME Gala France +170g vrac,,,2,18,le kg,,
2018-05-24,57219227,POMME Golden France +170g vrac,1,99,2,59,2,29,le kg
2018-05-24,57219228,POMME Golden France sachet 2kg,,,1,54,le kg,,
2018-05-24,57219229,POMME Granny smith France +170g vrac,,,2,59,le kg,,
2018-05-31,57219340,ABRICOT autres variétés hors Fr. 40-45mm vrac,,,3,98,le kg,,
2018-05-31,57220756,ABRICOT autres variétés hors Fr. 45-50mm vrac,,,3,17,le kg,,
2018-05-31,57219338,ABRICOT hors Fr. barq.1kg,,,2,39,le kg,,
2018-05-31,57219316,ANANAS standard (hors Victoria),1,79,2,29,1,96,la pièce
2018-05-31,57219214,BANANE Afrique vrac,,,1,8,le kg,,
2018-05-31,57219236,BANANE Amérique vrac,,,1,31,le kg,,
2018-05-31,57219375,BANANE biologique,1,99,1,99,1,97,le kg
2018-05-31,57219215,BANANE France vrac,,,1,17,le kg,,
2018-05-31,57219252,CERISE rouge France -26mm vrac,,,6,5,le kg,,
2018-05-31,57219365,CERISE rouge France +26mm vrac,,,6,79,le kg,,
2018-05-31,57219257,CERISE rouge France barq.,,,5,28,le kg,,
2018-05-31,57219238,FRAISE Gariguette France barq.250g,7,56,11,16,8,8,le kg
2018-05-31,57219373,FRAISE standard France barq.500g,3,98,7,98,5,29,le kg
2018-05-31,57219333,FRAISE standard hors Fr. barq.500g,,,3,45,le kg,,
2018-05-31,57219384,FRAMBOISE hors Fr. barq.125g,,,11,35,le kg,,
2018-05-31,57222318,KIWI France vrac,,,0,51,la pièce,,
2018-05-31,57222319,KIWI hors UE. vrac,,,0,53,la pièce,,
2018-05-31,57219321,KIWI UE (hors Fr.) cdt 1kg,,,2,73,le kg,,
2018-05-31,57222834,KIWI UE (hors Fr.) vrac,,,0,53,la pièce,,
2018-05-31,57219323,MANGUE vrac,0,99,1,99,1,48,la pièce
2018-05-31,57222873,NECTARINE chair blanche hors Fr. A-AA vrac,,,3,51,le kg,,
2018-05-31,57219245,NECTARINE chair blanche hors Fr. B vrac,,,3,94,le kg,,
2018-05-31,57219342,NECTARINE chair jaune hors Fr. A-AA vrac,,,3,59,le kg,,
2018-05-31,57219246,NECTARINE chair jaune hors Fr. B vrac,,,3,78,le kg,,
2018-05-31,57219247,NECTARINE hors Fr. barq.1kg,1,49,2,49,2,19,le kg
2018-05-31,57219324,ORANGE vrac,,,2,1,le kg,,
2018-05-31,57219362,PÊCHE chair blanche hors Fr. A-AA vrac,,,3,4,le kg,,
2018-05-31,57219254,PÊCHE chair blanche hors Fr. B vrac,,,3,79,le kg,,
2018-05-31,57219343,PÊCHE chair jaune hors Fr. A-AA vrac,,,2,97,le kg,,
2018-05-31,57219248,PÊCHE chair jaune hors Fr. B vrac,,,3,58,le kg,,
2018-05-31,57219249,PÊCHE hors Fr. barq.1kg,,,2,39,le kg,,
2018-05-31,57219327,POMME Bicolore France sachet 2kg,,,1,5,le kg,,
2018-05-31,57219274,POMME Golden France 136/180g vrac,,,2,29,le kg,,
2018-05-31,57219227,POMME Golden France +170g vrac,1,99,2,59,2,3,le kg
2018-05-31,57219228,POMME Golden France sachet 2kg,,,1,54,le kg,,
2018-05-31,57219229,POMME Granny smith France +170g vrac,,,2,61,le kg,,
2018-06-07,57219340,ABRICOT autres variétés hors Fr. 40-45mm vrac,,,2,8,le kg,,
2018-06-07,57220756,ABRICOT autres variétés hors Fr. 45-50mm vrac,,,3,6,le kg,,
2018-06-07,57219341,ABRICOT France barq.1kg,,,2,47,le kg,,
2018-06-07,57219338,ABRICOT hors Fr. barq.1kg,,,2,5,le kg,,
2018-06-07,57219316,ANANAS standard (hors Victoria),1,79,2,29,1,91,la pièce
2018-06-07,57219214,BANANE Afrique vrac,,,1,55,le kg,,
2018-06-07,57219236,BANANE Amérique vrac,,,1,4,le kg,,
2018-06-07,57219375,BANANE biologique,1,99,1,99,2,le kg,
2018-06-07,57219252,CERISE rouge France -26mm vrac,,,5,7,le kg,,
2018-06-07,57219257,CERISE rouge France barq.,,,4,93,le kg,,
2018-06-07,57219238,FRAISE Gariguette France barq.250g,,,10,55,le kg,,
2018-06-07,57219373,FRAISE standard France barq.500g,,,5,6,le kg,,
2018-06-07,57219384,FRAMBOISE hors Fr. barq.125g,,,11,57,le kg,,
2018-06-07,57222318,KIWI France vrac,,,0,54,la pièce,,
2018-06-07,57222319,KIWI hors UE. vrac,,,0,6,la pièce,,
2018-06-07,57219321,KIWI UE (hors Fr.) cdt 1kg,,,2,88,le kg,,
2018-06-07,57222834,KIWI UE (hors Fr.) vrac,,,0,54,la pièce,,
2018-06-07,57219323,MANGUE vrac,1,29,1,99,1,53,la pièce
2018-06-07,57222873,NECTARINE chair blanche hors Fr. A-AA vrac,,,3,58,le kg,,
2018-06-07,57219245,NECTARINE chair blanche hors Fr. B vrac,,,3,79,le kg,,
2018-06-07,57219342,NECTARINE chair jaune hors Fr. A-AA vrac,,,3,72,le kg,,
2018-06-07,57219246,NECTARINE chair jaune hors Fr. B vrac,,,3,38,le kg,,
2018-06-07,57219247,NECTARINE hors Fr. barq.1kg,,,2,32,le kg,,
2018-06-07,57219324,ORANGE vrac,,,2,3,le kg,,
2018-06-07,57219362,PÊCHE chair blanche hors Fr. A-AA vrac,,,3,16,le kg,,
2018-06-07,57219254,PÊCHE chair blanche hors Fr. B vrac,,,2,74,le kg,,
2018-06-07,57219343,PÊCHE chair jaune hors Fr. A-AA vrac,,,3,58,le kg,,
2018-06-07,57219248,PÊCHE chair jaune hors Fr. B vrac,,,3,37,le kg,,
2018-06-07,57219249,PÊCHE hors Fr. barq.1kg,1,99,2,99,2,41,le kg
2018-06-07,57219327,POMME Bicolore France sachet 2kg,,,1,44,le kg,,
2018-06-07,57219335,POMME Gala hors Fr. +170g vrac,,,2,47,le kg,,
2018-06-07,57219274,POMME Golden France 136/180g vrac,,,2,23,le kg,,
2018-06-07,57219227,POMME Golden France +170g vrac,1,99,2,59,2,32,le kg
2018-06-07,57219228,POMME Golden France sachet 2kg,,,1,55,le kg,,
2018-06-07,57219229,POMME Granny smith France +170g vrac,,,2,61,le kg,,
2018-06-14,57219275,ABRICOT autres variétés France 45-50mm vrac,,,3,17,le kg,,
2018-06-14,57219341,ABRICOT France barq.1kg,,,2,51,le kg,,
2018-06-14,57219338,ABRICOT hors Fr. barq.1kg,,,2,39,le kg,,
2018-06-14,57219316,ANANAS standard (hors Victoria),1,29,2,29,1,74,la pièce
2018-06-14,57219214,BANANE Afrique vrac,,,1,48,le kg,,
2018-06-14,57219236,BANANE Amérique vrac,,,1,51,le kg,,
2018-06-14,57219375,BANANE biologique,1,49,1,99,1,9,le kg
2018-06-14,57219215,BANANE France vrac,,,1,53,le kg,,
2018-06-14,57219252,CERISE rouge France -26mm vrac,,,4,27,le kg,,
2018-06-14,57219365,CERISE rouge France +26mm vrac,,,5,99,le kg,,
2018-06-14,57219257,CERISE rouge France barq.,,,4,99,le kg,,
2018-06-14,57219238,FRAISE Gariguette France barq.250g,,,10,le kg,,,
2018-06-14,57219373,FRAISE standard France barq.500g,,,5,29,le kg,,
2018-06-14,57219384,FRAMBOISE hors Fr. barq.125g,,,11,57,le kg,,
2018-06-14,57222319,KIWI hors UE. vrac,,,0,56,la pièce,,
2018-06-14,57219321,KIWI UE (hors Fr.) cdt 1kg,,,2,96,le kg,,
2018-06-14,57222834,KIWI UE (hors Fr.) vrac,,,0,54,la pièce,,
2018-06-14,57219323,MANGUE vrac,0,99,1,99,1,5,la pièce
2018-06-14,57222873,NECTARINE chair blanche hors Fr. A-AA vrac,,,3,16,le kg,,
2018-06-14,57219245,NECTARINE chair blanche hors Fr. B vrac,,,3,19,le kg,,
2018-06-14,57219342,NECTARINE chair jaune hors Fr. A-AA vrac,,,3,8,le kg,,
2018-06-14,57219246,NECTARINE chair jaune hors Fr. B vrac,,,2,83,le kg,,
2018-06-14,57219247,NECTARINE hors Fr. barq.1kg,,,2,35,le kg,,
2018-06-14,57219324,ORANGE vrac,,,2,16,le kg,,
2018-06-14,57219362,PÊCHE chair blanche hors Fr. A-AA vrac,,,2,87,le kg,,
2018-06-14,57219343,PÊCHE chair jaune hors Fr. A-AA vrac,,,3,9,le kg,,
2018-06-14,57219248,PÊCHE chair jaune hors Fr. B vrac,,,3,27,le kg,,
2018-06-14,57219249,PÊCHE hors Fr. barq.1kg,1,99,2,99,2,34,le kg
2018-06-14,57219327,POMME Bicolore France sachet 2kg,,,1,59,le kg,,
2018-06-14,57219226,POMME Gala France +170g vrac,,,2,31,le kg,,
2018-06-14,57219274,POMME Golden France 136/180g vrac,,,2,25,le kg,,
2018-06-14,57219227,POMME Golden France +170g vrac,1,68,2,39,2,13,le kg
2018-06-14,57219228,POMME Golden France sachet 2kg,,,1,56,le kg,,
2018-06-14,57219229,POMME Granny smith France +170g vrac,,,2,43,le kg,,
2018-06-21,57219275,ABRICOT autres variétés France 45-50mm vrac,,,3,17,le kg,,
2018-06-21,57222317,ABRICOT autres variétés France 50 + vrac,,,3,67,le kg,,
2018-06-21,57219341,ABRICOT France barq.1kg,1,95,2,69,2,21,le kg
2018-06-21,57219338,ABRICOT hors Fr. barq.1kg,,,2,52,le kg,,
2018-06-21,57219316,ANANAS standard (hors Victoria),1,29,2,29,1,73,la pièce
2018-06-21,57219214,BANANE Afrique vrac,,,1,14,le kg,,
2018-06-21,57219236,BANANE Amérique vrac,,,1,39,le kg,,
2018-06-21,57219375,BANANE biologique,1,99,1,99,1,95,le kg
2018-06-21,57219252,CERISE rouge France -26mm vrac,,,5,14,le kg,,
2018-06-21,57219257,CERISE rouge France barq.,4,58,5,99,5,83,le kg
2018-06-21,57219238,FRAISE Gariguette France barq.250g,,,9,22,le kg,,
2018-06-21,57219373,FRAISE standard France barq.500g,,,5,71,le kg,,
2018-06-21,57219333,FRAISE standard hors Fr. barq.500g,,,5,2,le kg,,
2018-06-21,57219384,FRAMBOISE hors Fr. barq.125g,,,9,23,le kg,,
2018-06-21,57219323,MANGUE vrac,1,49,1,99,1,7,la pièce
2018-06-21,57219245,NECTARINE chair blanche hors Fr. B vrac,,,2,95,le kg,,
2018-06-21,57219264,NECTARINE chair jaune France A-AA vrac,,,2,99,le kg,,
2018-06-21,57219342,NECTARINE chair jaune hors Fr. A-AA vrac,,,2,75,le kg,,
2018-06-21,57219246,NECTARINE chair jaune hors Fr. B vrac,,,3,14,le kg,,
2018-06-21,57219265,NECTARINE France barq.1kg,,,2,3,le kg,,
2018-06-21,57219247,NECTARINE hors Fr. barq.1kg,,,2,15,le kg,,
2018-06-21,57219324,ORANGE vrac,,,2,22,le kg,,
2018-06-21,57219254,PÊCHE chair blanche hors Fr. B vrac,,,3,5,le kg,,
2018-06-21,57219268,PÊCHE chair jaune France A-AA vrac,,,3,9,le kg,,
2018-06-21,57219343,PÊCHE chair jaune hors Fr. A-AA vrac,,,3,5,le kg,,
2018-06-21,57219248,PÊCHE chair jaune hors Fr. B vrac,,,3,22,le kg,,
2018-06-21,57219269,PÊCHE France barq.1kg,,,1,93,le kg,,
2018-06-21,57219249,PÊCHE hors Fr. barq.1kg,,,2,51,le kg,,
2018-06-21,57219274,POMME Golden France 136/180g vrac,,,2,25,le kg,,
2018-06-21,57219227,POMME Golden France +170g vrac,2,29,2,69,2,38,le kg
2018-06-21,57219228,POMME Golden France sachet 2kg,,,1,53,le kg,,
2018-06-21,57219229,POMME Granny smith France +170g vrac,,,2,66,le kg,,
2018-06-28,57219275,ABRICOT autres variétés France 45-50mm vrac,,,3,le kg,,,
2018-06-28,57222317,ABRICOT autres variétés France 50 + vrac,,,3,84,le kg,,
2018-06-28,57220756,ABRICOT autres variétés hors Fr. 45-50mm vrac,,,2,43,le kg,,
2018-06-28,57219341,ABRICOT France barq.1kg,,,2,46,le kg,,
2018-06-28,57219316,ANANAS standard (hors Victoria),0,99,2,29,1,59,la pièce
2018-06-28,57219214,BANANE Afrique vrac,,,1,41,le kg,,
2018-06-28,57219236,BANANE Amérique vrac,,,1,46,le kg,,
2018-06-28,57219375,BANANE biologique,1,99,1,99,1,97,le kg
2018-06-28,57219215,BANANE France vrac,,,1,61,le kg,,
2018-06-28,57219365,CERISE rouge France +26mm vrac,,,5,32,le kg,,
2018-06-28,57219257,CERISE rouge France barq.,5,38,5,98,5,74,le kg
2018-06-28,57219238,FRAISE Gariguette France barq.250g,,,10,13,le kg,,
2018-06-28,57219373,FRAISE standard France barq.500g,,,6,74,le kg,,
2018-06-28,57223156,FRAMBOISE France barq.125g,,,15,25,le kg,,
2018-06-28,57219384,FRAMBOISE hors Fr. barq.125g,,,11,6,le kg,,
2018-06-28,57219323,MANGUE vrac,1,49,1,99,1,74,la pièce
2018-06-28,57219272,NECTARINE chair blanche France A-AA vrac,,,2,56,le kg,,
2018-06-28,57219264,NECTARINE chair jaune France A-AA vrac,,,2,88,le kg,,
2018-06-28,57219342,NECTARINE chair jaune hors Fr. A-AA vrac,,,2,39,le kg,,
2018-06-28,57219246,NECTARINE chair jaune hors Fr. B vrac,,,2,7,le kg,,
2018-06-28,57219265,NECTARINE France barq.1kg,,,2,45,le kg,,
2018-06-28,57219247,NECTARINE hors Fr. barq.1kg,,,2,22,le kg,,
2018-06-28,57219324,ORANGE vrac,,,2,29,le kg,,
2018-06-28,57219266,PÊCHE chair blanche France A-AA vrac,,,2,77,le kg,,
2018-06-28,57219268,PÊCHE chair jaune France A-AA vrac,,,2,87,le kg,,
2018-06-28,57219248,PÊCHE chair jaune hors Fr. B vrac,,,3,14,le kg,,
2018-06-28,57219269,PÊCHE France barq.1kg,,,2,16,le kg,,
2018-06-28,57219249,PÊCHE hors Fr. barq.1kg,,,2,34,le kg,,
2018-06-28,57219274,POMME Golden France 136/180g vrac,,,2,32,le kg,,
2018-06-28,57219227,POMME Golden France +170g vrac,2,29,2,69,2,39,le kg
2018-06-28,57219228,POMME Golden France sachet 2kg,,,1,49,le kg,,
2018-06-28,57219229,POMME Granny smith France +170g vrac,,,2,69,le kg,,
2018-07-05,57219275,ABRICOT autres variétés France 45-50mm vrac,,,2,79,le kg,,
2018-07-05,57222317,ABRICOT autres variétés France 50 + vrac,,,3,27,le kg,,
2018-07-05,57219341,ABRICOT France barq.1kg,,,2,68,le kg,,
2018-07-05,57219316,ANANAS standard (hors Victoria),0,99,1,49,1,29,la pièce
2018-07-05,57219214,BANANE Afrique vrac,,,1,39,le kg,,
2018-07-05,57219236,BANANE Amérique vrac,,,0,98,le kg,,
2018-07-05,57219375,BANANE biologique,1,99,1,99,1,99,le kg
2018-07-05,57219365,CERISE rouge France +26mm vrac,,,5,73,le kg,,
2018-07-05,57219257,CERISE rouge France barq.,,,5,48,le kg,,
2018-07-05,57219373,FRAISE standard France barq.500g,,,7,36,le kg,,
2018-07-05,57223156,FRAMBOISE France barq.125g,,,15,92,le kg,,
2018-07-05,57219323,MANGUE vrac,1,49,1,99,1,74,la pièce
2018-07-05,57219272,NECTARINE chair blanche France A-AA vrac,,,2,79,le kg,,
2018-07-05,57219264,NECTARINE chair jaune France A-AA vrac,,,2,81,le kg,,
2018-07-05,57219246,NECTARINE chair jaune hors Fr. B vrac,,,2,85,le kg,,
2018-07-05,57219265,NECTARINE France barq.1kg,,,2,38,le kg,,
2018-07-05,57219247,NECTARINE hors Fr. barq.1kg,,,1,77,le kg,,
2018-07-05,57219324,ORANGE vrac,,,2,27,le kg,,
2018-07-05,57219266,PÊCHE chair blanche France A-AA vrac,,,2,71,le kg,,
2018-07-05,57219267,PÊCHE chair blanche France B vrac,,,2,65,le kg,,
2018-07-05,57219268,PÊCHE chair jaune France A-AA vrac,,,2,6,le kg,,
2018-07-05,57219285,PÊCHE chair jaune France B vrac,,,2,87,le kg,,
2018-07-05,57219269,PÊCHE France barq.1kg,,,2,44,le kg,,
2018-07-05,57219249,PÊCHE hors Fr. barq.1kg,,,2,6,le kg,,
2018-07-05,57219335,POMME Gala hors Fr. +170g vrac,,,2,55,le kg,,
2018-07-05,57219274,POMME Golden France 136/180g vrac,,,2,34,le kg,,
2018-07-05,57219227,POMME Golden France +170g vrac,1,99,2,79,2,39,le kg
2018-07-05,57219228,POMME Golden France sachet 2kg,,,1,53,le kg,,
2018-07-05,57219229,POMME Granny smith France +170g vrac,,,2,69,le kg,,
2018-07-12,57219275,ABRICOT autres variétés France 45-50mm vrac,,,2,98,le kg,,
2018-07-12,57222317,ABRICOT autres variétés France 50 + vrac,,,3,24,le kg,,
2018-07-12,57219341,ABRICOT France barq.1kg,2,69,2,99,2,7,le kg
2018-07-12,57219316,ANANAS standard (hors Victoria),0,99,1,49,1,3,la pièce
2018-07-12,57219214,BANANE Afrique vrac,,,1,6,le kg,,
2018-07-12,57219236,BANANE Amérique vrac,,,1,48,le kg,,
2018-07-12,57219375,BANANE biologique,1,99,1,99,1,99,le kg
2018-07-12,57219365,CERISE rouge France +26mm vrac,,,6,27,le kg,,
2018-07-12,57219257,CERISE rouge France barq.,,,5,7,le kg,,
2018-07-12,57223156,FRAMBOISE France barq.125g,,,15,92,le kg,,
2018-07-12,57219323,MANGUE vrac,1,59,2,19,1,77,la pièce
2018-07-12,57219272,NECTARINE chair blanche France A-AA vrac,,,2,78,le kg,,
2018-07-12,57219263,NECTARINE chair blanche France B vrac,,,1,95,le kg,,
2018-07-12,57219264,NECTARINE chair jaune France A-AA vrac,,,3,5,le kg,,
2018-07-12,57219265,NECTARINE France barq.1kg,,,2,29,le kg,,
2018-07-12,57219324,ORANGE vrac,,,2,19,le kg,,
2018-07-12,57219266,PÊCHE chair blanche France A-AA vrac,,,2,7,le kg,,
2018-07-12,57219268,PÊCHE chair jaune France A-AA vrac,,,3,le kg,,,
2018-07-12,57219269,PÊCHE France barq.1kg,1,49,2,49,1,97,le kg
2018-07-12,57219335,POMME Gala hors Fr. +170g vrac,,,2,59,le kg,,
2018-07-12,57219274,POMME Golden France 136/180g vrac,,,2,38,le kg,,
2018-07-12,57219227,POMME Golden France +170g vrac,2,29,2,79,2,45,le kg
2018-07-12,57219228,POMME Golden France sachet 2kg,,,1,53,le kg,,
2018-07-12,57219229,POMME Granny smith France +170g vrac,,,2,72,le kg,,
2018-07-19,57219275,ABRICOT autres variétés France 45-50mm vrac,,,3,37,le kg,,
2018-07-19,57222317,ABRICOT autres variétés France 50 + vrac,,,3,41,le kg,,
2018-07-19,57219341,ABRICOT France barq.1kg,1,99,2,69,2,53,le kg
2018-07-19,57219316,ANANAS standard (hors Victoria),1,29,2,19,1,54,la pièce
2018-07-19,57219214,BANANE Afrique vrac,,,1,59,le kg,,
2018-07-19,57219236,BANANE Amérique vrac,,,1,56,le kg,,
2018-07-19,57219375,BANANE biologique,1,59,1,99,1,9,le kg
2018-07-19,57219257,CERISE rouge France barq.,,,5,91,le kg,,
2018-07-19,57223156,FRAMBOISE France barq.125g,,,15,92,le kg,,
2018-07-19,57219323,MANGUE vrac,1,29,2,19,1,77,la pièce
2018-07-19,57219272,NECTARINE chair blanche France A-AA vrac,,,2,89,le kg,,
2018-07-19,57219264,NECTARINE chair jaune France A-AA vrac,,,3,6,le kg,,
2018-07-19,57219265,NECTARINE France barq.1kg,,,2,36,le kg,,
2018-07-19,57219247,NECTARINE hors Fr. barq.1kg,,,1,82,le kg,,
2018-07-19,57219324,ORANGE vrac,,,2,31,le kg,,
2018-07-19,57219266,PÊCHE chair blanche France A-AA vrac,,,3,19,le kg,,
2018-07-19,57219268,PÊCHE chair jaune France A-AA vrac,,,3,8,le kg,,
2018-07-19,57219269,PÊCHE France barq.1kg,,,2,33,le kg,,
2018-07-19,57219335,POMME Gala hors Fr. +170g vrac,,,2,63,le kg,,
2018-07-19,57219274,POMME Golden France 136/180g vrac,,,2,35,le kg,,
2018-07-19,57219227,POMME Golden France +170g vrac,,,2,55,le kg,,
2018-07-19,57219228,POMME Golden France sachet 2kg,,,1,48,le kg,,
2018-07-19,57222841,RAISIN blanc Vittoria hors Fr. vrac,,,2,56,le kg,,
2018-07-19,57222842,RAISIN noir hors Fr. vrac,,,2,72,le kg,,
2018-07-26,57219271,ABRICOT autres variétés France 40-45mm vrac,,,2,85,le kg,,
2018-07-26,57219275,ABRICOT autres variétés France 45-50mm vrac,,,3,1,le kg,,
2018-07-26,57222317,ABRICOT autres variétés France 50 + vrac,,,3,32,le kg,,
2018-07-26,57219341,ABRICOT France barq.1kg,2,5,2,99,2,67,le kg
2018-07-26,57219316,ANANAS standard (hors Victoria),0,99,2,19,1,32,la pièce
2018-07-26,57219214,BANANE Afrique vrac,,,1,59,le kg,,
2018-07-26,57219236,BANANE Amérique vrac,,,1,58,le kg,,
2018-07-26,57219375,BANANE biologique,1,59,1,99,1,91,le kg
2018-07-26,57219215,BANANE France vrac,,,1,52,le kg,,
2018-07-26,57219257,CERISE rouge France barq.,,,5,84,le kg,,
2018-07-26,57223156,FRAMBOISE France barq.125g,,,15,92,le kg,,
2018-07-26,57219323,MANGUE vrac,1,29,2,19,1,69,la pièce
2018-07-26,57219272,NECTARINE chair blanche France A-AA vrac,,,3,16,le kg,,
2018-07-26,57219264,NECTARINE chair jaune France A-AA vrac,,,2,73,le kg,,
2018-07-26,57219273,NECTARINE chair jaune France B vrac,,,2,33,le kg,,
2018-07-26,57219265,NECTARINE France barq.1kg,,,2,24,le kg,,
2018-07-26,57219324,ORANGE vrac,,,2,42,le kg,,
2018-07-26,57219266,PÊCHE chair blanche France A-AA vrac,,,3,16,le kg,,
2018-07-26,57219268,PÊCHE chair jaune France A-AA vrac,,,3,17,le kg,,
2018-07-26,57219269,PÊCHE France barq.1kg,1,99,2,49,2,36,le kg
2018-07-26,57219335,POMME Gala hors Fr. +170g vrac,,,2,62,le kg,,
2018-07-26,57219274,POMME Golden France 136/180g vrac,,,2,44,le kg,,
2018-07-26,57219227,POMME Golden France +170g vrac,2,29,2,99,2,53,le kg
2018-07-26,57219228,POMME Golden France sachet 2kg,,,1,52,le kg,,
2018-07-26,57219229,POMME Granny smith France +170g vrac,,,2,75,le kg,,
2018-07-26,57227726,PRUNE rouge France vrac,,,2,74,le kg,,
2018-07-26,57222841,RAISIN blanc Vittoria hors Fr. vrac,,,2,55,le kg,,
2018-07-26,57222842,RAISIN noir hors Fr. vrac,,,2,36,le kg,,
2018-08-02,57219275,ABRICOT autres variétés France 45-50mm vrac,,,2,72,le kg,,
2018-08-02,57222317,ABRICOT autres variétés France 50 + vrac,,,3,32,le kg,,
2018-08-02,57219341,ABRICOT France barq.1kg,,,2,75,le kg,,
2018-08-02,57219316,ANANAS standard (hors Victoria),0,99,2,19,1,5,la pièce
2018-08-02,57219214,BANANE Afrique vrac,,,1,57,le kg,,
2018-08-02,57219236,BANANE Amérique vrac,,,1,56,le kg,,
2018-08-02,57219375,BANANE biologique,1,49,1,99,1,69,le kg
2018-08-02,57223156,FRAMBOISE France barq.125g,,,17,12,le kg,,
2018-08-02,57219323,MANGUE vrac,1,49,2,19,1,74,la pièce
2018-08-02,57219272,NECTARINE chair blanche France A-AA vrac,,,2,95,le kg,,
2018-08-02,57219264,NECTARINE chair jaune France A-AA vrac,,,2,76,le kg,,
2018-08-02,57219273,NECTARINE chair jaune France B vrac,,,2,59,le kg,,
2018-08-02,57219265,NECTARINE France barq.1kg,,,2,16,le kg,,
2018-08-02,57219324,ORANGE vrac,,,2,46,le kg,,
2018-08-02,57219266,PÊCHE chair blanche France A-AA vrac,,,3,9,le kg,,
2018-08-02,57219268,PÊCHE chair jaune France A-AA vrac,,,2,51,le kg,,
2018-08-02,57219269,PÊCHE France barq.1kg,,,2,27,le kg,,
2018-08-02,57219281,POIRE Guyot ou Limonera France vrac,,,2,62,le kg,,
2018-08-02,57219335,POMME Gala hors Fr. +170g vrac,,,2,68,le kg,,
2018-08-02,57219274,POMME Golden France 136/180g vrac,,,2,43,le kg,,
2018-08-02,57219227,POMME Golden France +170g vrac,2,29,2,99,2,6,le kg
2018-08-02,57219228,POMME Golden France sachet 2kg,,,1,52,le kg,,
2018-08-02,57219229,POMME Granny smith France +170g vrac,,,2,77,le kg,,
2018-08-02,57225741,PRUNE jaune Golden japan France vrac,,,2,65,le kg,,
2018-08-02,57227726,PRUNE rouge France vrac,,,2,95,le kg,,
2018-08-02,57222841,RAISIN blanc Vittoria hors Fr. vrac,1,59,2,29,1,99,le kg
2018-08-09,57219275,ABRICOT autres variétés France 45-50mm vrac,,,3,17,le kg,,
2018-08-09,57222317,ABRICOT autres variétés France 50 + vrac,,,3,5,le kg,,
2018-08-09,57219341,ABRICOT France barq.1kg,1,99,2,69,2,43,le kg
2018-08-09,57219316,ANANAS standard (hors Victoria),0,99,2,19,1,47,la pièce
2018-08-09,57219214,BANANE Afrique vrac,,,1,4,le kg,,
2018-08-09,57219236,BANANE Amérique vrac,,,1,43,le kg,,
2018-08-09,57219375,BANANE biologique,1,59,1,99,1,92,le kg
2018-08-09,57219215,BANANE France vrac,,,1,11,le kg,,
2018-08-09,57223156,FRAMBOISE France barq.125g,,,18,32,le kg,,
2018-08-09,57219323,MANGUE vrac,1,49,2,9,1,71,la pièce
2018-08-09,57219272,NECTARINE chair blanche France A-AA vrac,,,3,15,le kg,,
2018-08-09,57219264,NECTARINE chair jaune France A-AA vrac,,,3,11,le kg,,
2018-08-09,57219265,NECTARINE France barq.1kg,1,79,2,49,2,23,le kg
2018-08-09,57219324,ORANGE vrac,,,2,47,le kg,,
2018-08-09,57219266,PÊCHE chair blanche France A-AA vrac,,,2,74,le kg,,
2018-08-09,57219268,PÊCHE chair jaune France A-AA vrac,,,2,99,le kg,,
2018-08-09,57219269,PÊCHE France barq.1kg,,,2,44,le kg,,
2018-08-09,57219281,POIRE Guyot ou Limonera France vrac,,,2,4,le kg,,
2018-08-09,57219327,POMME Bicolore France sachet 2kg,,,1,85,le kg,,
2018-08-09,57219335,POMME Gala hors Fr. +170g vrac,,,2,89,le kg,,
2018-08-09,57219227,POMME Golden France +170g vrac,2,29,2,99,2,56,le kg
2018-08-09,57219228,POMME Golden France sachet 2kg,,,1,53,le kg,,
2018-08-09,57225914,PRUNE jaune Mirabelle France vrac,,,3,81,le kg,,
2018-08-09,57227726,PRUNE rouge France vrac,,,2,72,le kg,,
2018-08-09,57227762,PRUNE verte Reine Claude dorée France barq.,,,4,23,le kg,,
2018-08-09,57222841,RAISIN blanc Vittoria hors Fr. vrac,1,79,2,49,2,17,le kg
2018-08-16,57219275,ABRICOT autres variétés France 45-50mm vrac,,,3,19,le kg,,
2018-08-16,57222317,ABRICOT autres variétés France 50 + vrac,,,3,29,le kg,,
2018-08-16,57219341,ABRICOT France barq.1kg,,,2,86,le kg,,
2018-08-16,57219316,ANANAS standard (hors Victoria),1,29,2,19,1,64,la pièce
2018-08-16,57219214,BANANE Afrique vrac,,,1,57,le kg,,
2018-08-16,57219236,BANANE Amérique vrac,,,1,58,le kg,,
2018-08-16,57219375,BANANE biologique,1,59,1,99,1,94,le kg
2018-08-16,57223156,FRAMBOISE France barq.125g,,,17,44,le kg,,
2018-08-16,57219323,MANGUE vrac,1,49,2,19,1,72,la pièce
2018-08-16,57219272,NECTARINE chair blanche France A-AA vrac,,,2,88,le kg,,
2018-08-16,57219264,NECTARINE chair jaune France A-AA vrac,,,2,93,le kg,,
2018-08-16,57219265,NECTARINE France barq.1kg,,,2,4,le kg,,
2018-08-16,57219324,ORANGE vrac,,,2,43,le kg,,
2018-08-16,57219266,PÊCHE chair blanche France A-AA vrac,,,2,93,le kg,,
2018-08-16,57219268,PÊCHE chair jaune France A-AA vrac,,,2,81,le kg,,
2018-08-16,57219269,PÊCHE France barq.1kg,,,2,17,le kg,,
2018-08-16,57219281,POIRE Guyot ou Limonera France vrac,,,2,13,le kg,,
2018-08-16,57219327,POMME Bicolore France sachet 2kg,,,1,76,le kg,,
2018-08-16,57219226,POMME Gala France +170g vrac,,,2,2,le kg,,
2018-08-16,57219274,POMME Golden France 136/180g vrac,,,2,44,le kg,,
2018-08-16,57219227,POMME Golden France +170g vrac,2,29,2,99,2,52,le kg
2018-08-16,57219228,POMME Golden France sachet 2kg,,,1,52,le kg,,
2018-08-16,57225914,PRUNE jaune Mirabelle France vrac,,,3,59,le kg,,
2018-08-16,57227726,PRUNE rouge France vrac,,,2,94,le kg,,
2018-08-16,57227762,PRUNE verte Reine Claude dorée France barq.,,,4,16,le kg,,
2018-08-16,57222841,RAISIN blanc Vittoria hors Fr. vrac,,,1,96,le kg,,
2018-08-23,57219271,ABRICOT autres variétés France 40-45mm vrac,,,3,29,le kg,,
2018-08-23,57219275,ABRICOT autres variétés France 45-50mm vrac,,,3,29,le kg,,
2018-08-23,57222317,ABRICOT autres variétés France 50 + vrac,,,3,31,le kg,,
2018-08-23,57219341,ABRICOT France barq.1kg,,,2,67,le kg,,
2018-08-23,57219316,ANANAS standard (hors Victoria),1,29,2,5,1,69,la pièce
2018-08-23,57219214,BANANE Afrique vrac,,,1,49,le kg,,
2018-08-23,57219236,BANANE Amérique vrac,,,1,48,le kg,,
2018-08-23,57219375,BANANE biologique,1,99,1,99,1,98,le kg
2018-08-23,57223156,FRAMBOISE France barq.125g,,,16,16,le kg,,
2018-08-23,57219323,MANGUE vrac,1,49,1,79,1,59,la pièce
2018-08-23,57219272,NECTARINE chair blanche France A-AA vrac,,,3,11,le kg,,
2018-08-23,57219264,NECTARINE chair jaune France A-AA vrac,,,2,73,le kg,,
2018-08-23,57219265,NECTARINE France barq.1kg,,,2,23,le kg,,
2018-08-23,57219324,ORANGE vrac,,,2,58,le kg,,
2018-08-23,57219266,PÊCHE chair blanche France A-AA vrac,1,99,2,99,2,73,le kg
2018-08-23,57219268,PÊCHE chair jaune France A-AA vrac,,,2,93,le kg,,
2018-08-23,57219269,PÊCHE France barq.1kg,,,2,28,le kg,,
2018-08-23,57219281,POIRE Guyot ou Limonera France vrac,,,2,22,le kg,,
2018-08-23,57219327,POMME Bicolore France sachet 2kg,,,1,65,le kg,,
2018-08-23,57219226,POMME Gala France +170g vrac,,,2,54,le kg,,
2018-08-23,57219274,POMME Golden France 136/180g vrac,,,2,43,le kg,,
2018-08-23,57219227,POMME Golden France +170g vrac,2,29,2,99,2,56,le kg
2018-08-23,57219228,POMME Golden France sachet 2kg,,,1,48,le kg,,
2018-08-23,57226865,PRUNE jaune autre ou inconnue France vrac,,,3,41,le kg,,
2018-08-23,57225914,PRUNE jaune Mirabelle France vrac,,,3,77,le kg,,
2018-08-23,57227726,PRUNE rouge France vrac,,,2,67,le kg,,
2018-08-23,57227762,PRUNE verte Reine Claude dorée France barq.,,,4,21,le kg,,
2018-08-23,57222841,RAISIN blanc Vittoria hors Fr. vrac,1,79,2,8,2,12,le kg
2018-08-23,57222855,RAISIN noir Lavallée France vrac,,,3,3,le kg,,
2018-08-30,57219271,ABRICOT autres variétés France 40-45mm vrac,,,2,99,le kg,,
2018-08-30,57219275,ABRICOT autres variétés France 45-50mm vrac,,,3,62,le kg,,
2018-08-30,57219341,ABRICOT France barq.1kg,,,2,78,le kg,,
2018-08-30,57219316,ANANAS standard (hors Victoria),1,29,2,25,1,68,la pièce
2018-08-30,57219214,BANANE Afrique vrac,,,1,35,le kg,,
2018-08-30,57219236,BANANE Amérique vrac,,,1,36,le kg,,
2018-08-30,57219375,BANANE biologique,1,39,1,99,1,86,le kg
2018-08-30,57219215,BANANE France vrac,,,1,71,le kg,,
2018-08-30,57223156,FRAMBOISE France barq.125g,,,15,52,le kg,,
2018-08-30,57219323,MANGUE vrac,1,49,1,99,1,69,la pièce
2018-08-30,57219272,NECTARINE chair blanche France A-AA vrac,,,3,25,le kg,,
2018-08-30,57219264,NECTARINE chair jaune France A-AA vrac,,,3,26,le kg,,
2018-08-30,57227801,NECTARINE chair jaune France cal. autre ou inconnu vrac,,,3,15,le kg,,
2018-08-30,57219265,NECTARINE France barq.1kg,1,99,2,49,2,34,le kg
2018-08-30,57219324,ORANGE vrac,,,2,53,le kg,,
2018-08-30,57219266,PÊCHE chair blanche France A-AA vrac,,,2,87,le kg,,
2018-08-30,57219268,PÊCHE chair jaune France A-AA vrac,,,2,77,le kg,,
2018-08-30,57219269,PÊCHE France barq.1kg,,,2,29,le kg,,
2018-08-30,57219281,POIRE Guyot ou Limonera France vrac,,,1,88,le kg,,
2018-08-30,57219289,POIRE Williams verte France vrac,,,2,59,le kg,,
2018-08-30,57219327,POMME Bicolore France sachet 2kg,,,1,27,le kg,,
2018-08-30,57219226,POMME Gala France +170g vrac,,,2,15,le kg,,
2018-08-30,57219274,POMME Golden France 136/180g vrac,,,2,43,le kg,,
2018-08-30,57219227,POMME Golden France +170g vrac,2,29,2,99,2,58,le kg
2018-08-30,57219228,POMME Golden France sachet 2kg,,,1,51,le kg,,
2018-08-30,57227802,PRUNE hors Fr. vrac,,,3,9,le kg,,
2018-08-30,57226865,PRUNE jaune autre ou inconnue France vrac,,,3,51,le kg,,
2018-08-30,57225914,PRUNE jaune Mirabelle France vrac,,,4,47,le kg,,
2018-08-30,57227726,PRUNE rouge France vrac,,,2,67,le kg,,
2018-08-30,57227762,PRUNE verte Reine Claude dorée France barq.,,,3,8,le kg,,
2018-08-30,57222854,RAISIN blanc Idéal ou Italia hors Fr. vrac,,,2,41,le kg,,
2018-08-30,57222841,RAISIN blanc Vittoria hors Fr. vrac,,,2,12,le kg,,
2018-08-30,57222855,RAISIN noir Lavallée France vrac,,,3,16,le kg,,
2018-09-06,57219275,ABRICOT autres variétés France 45-50mm vrac,,,3,73,le kg,,
2018-09-06,57219341,ABRICOT France barq.1kg,,,2,61,le kg,,
2018-09-06,57219316,ANANAS standard (hors Victoria),1,49,2,25,1,7,la pièce
2018-09-06,57219214,BANANE Afrique vrac,,,1,39,le kg,,
2018-09-06,57219236,BANANE Amérique vrac,,,1,65,le kg,,
2018-09-06,57219375,BANANE biologique,1,49,1,99,1,93,le kg
2018-09-06,57223156,FRAMBOISE France barq.125g,,,15,92,le kg,,
2018-09-06,57219323,MANGUE vrac,1,49,2,5,1,64,la pièce
2018-09-06,57219272,NECTARINE chair blanche France A-AA vrac,,,3,17,le kg,,
2018-09-06,57219264,NECTARINE chair jaune France A-AA vrac,,,3,13,le kg,,
2018-09-06,57219265,NECTARINE France barq.1kg,,,2,45,le kg,,
2018-09-06,57219324,ORANGE vrac,,,2,63,le kg,,
2018-09-06,57219266,PÊCHE chair blanche France A-AA vrac,,,3,6,le kg,,
2018-09-06,57219268,PÊCHE chair jaune France A-AA vrac,,,3,le kg,,,
2018-09-06,57219269,PÊCHE France barq.1kg,,,2,36,le kg,,
2018-09-06,57219281,POIRE Guyot ou Limonera France vrac,,,2,17,le kg,,
2018-09-06,57219327,POMME Bicolore France sachet 2kg,,,1,48,le kg,,
2018-09-06,57219226,POMME Gala France +170g vrac,,,2,6,le kg,,
2018-09-06,57219274,POMME Golden France 136/180g vrac,,,2,8,le kg,,
2018-09-06,57219227,POMME Golden France +170g vrac,2,29,2,99,2,4,le kg
2018-09-06,57219228,POMME Golden France sachet 2kg,,,1,53,le kg,,
2018-09-06,57219229,POMME Granny smith France +170g vrac,,,2,13,le kg,,
2018-09-06,57227726,PRUNE rouge France vrac,,,2,4,le kg,,
2018-09-06,57227762,PRUNE verte Reine Claude dorée France barq.,,,3,73,le kg,,
2018-09-06,57222862,RAISIN blanc Chasselas sans label France vrac,,,2,27,le kg,,
2018-09-06,57222854,RAISIN blanc Idéal ou Italia hors Fr. vrac,0,99,1,99,1,78,le kg
2018-09-06,57222855,RAISIN noir Lavallée France vrac,,,2,27,le kg,,
2018-09-06,57222868,RAISIN noir Muscat Hambourg sans label France barq.,,,3,98,le kg,,
2018-09-06,57222856,RAISIN noir Muscat Hambourg sans label France vrac,,,2,49,le kg,,
2018-09-13,57219316,ANANAS standard (hors Victoria),1,49,2,25,1,72,la pièce
2018-09-13,57219214,BANANE Afrique vrac,,,1,43,le kg,,
2018-09-13,57219236,BANANE Amérique vrac,,,1,2,le kg,,
2018-09-13,57219375,BANANE biologique,1,99,1,99,1,97,le kg
2018-09-13,57219323,MANGUE vrac,1,49,2,9,1,74,la pièce
2018-09-13,57219272,NECTARINE chair blanche France A-AA vrac,,,3,1,le kg,,
2018-09-13,57219264,NECTARINE chair jaune France A-AA vrac,,,3,37,le kg,,
2018-09-13,57219265,NECTARINE France barq.1kg,,,2,4,le kg,,
2018-09-13,57219324,ORANGE vrac,,,2,54,le kg,,
2018-09-13,57219266,PÊCHE chair blanche France A-AA vrac,,,3,21,le kg,,
2018-09-13,57219268,PÊCHE chair jaune France A-AA vrac,2,99,3,99,3,24,le kg
2018-09-13,57219269,PÊCHE France barq.1kg,,,2,34,le kg,,
2018-09-13,57219329,POIRE Conférence hors Fr. vrac,,,1,86,le kg,,
2018-09-13,57219281,POIRE Guyot ou Limonera France vrac,,,2,26,le kg,,
2018-09-13,57219289,POIRE Williams verte France vrac,,,2,1,le kg,,
2018-09-13,57219327,POMME Bicolore France sachet 2kg,,,1,31,le kg,,
2018-09-13,57219226,POMME Gala France +170g vrac,,,2,9,le kg,,
2018-09-13,57219274,POMME Golden France 136/180g vrac,,,1,92,le kg,,
2018-09-13,57219227,POMME Golden France +170g vrac,1,99,2,99,2,37,le kg
2018-09-13,57219228,POMME Golden France sachet 2kg,,,1,5,le kg,,
2018-09-13,57219381,POMME Granny smith France 136/180g vrac,,,1,85,le kg,,
2018-09-13,57219229,POMME Granny smith France +170g vrac,,,2,51,le kg,,
2018-09-13,57227851,PRUNE bleue Président France vrac,,,2,39,le kg,,
2018-09-13,57227726,PRUNE rouge France vrac,,,2,34,le kg,,
2018-09-13,57225955,PRUNE verte Reine Claude Bavay France barq.,,,3,65,le kg,,
2018-09-13,57226936,RAISIN blanc Chasselas AOP Moissac France barq.,,,4,12,le kg,,
2018-09-13,57222862,RAISIN blanc Chasselas sans label France vrac,,,3,28,le kg,,
2018-09-13,57222854,RAISIN blanc Idéal ou Italia hors Fr. vrac,1,89,2,49,2,3,le kg
2018-09-13,57222855,RAISIN noir Lavallée France vrac,,,2,77,le kg,,
2018-09-13,57222868,RAISIN noir Muscat Hambourg sans label France barq.,,,3,98,le kg,,
2018-09-13,57222856,RAISIN noir Muscat Hambourg sans label France vrac,,,4,63,le kg,,
2018-09-20,57219316,ANANAS standard (hors Victoria),1,19,3,1,82,la pièce,
2018-09-20,57219214,BANANE Afrique vrac,,,1,54,le kg,,
2018-09-20,57219236,BANANE Amérique vrac,,,1,65,le kg,,
2018-09-20,57219375,BANANE biologique,1,49,1,99,1,84,le kg
2018-09-20,57219384,FRAMBOISE hors Fr. barq.125g,,,14,19,le kg,,
2018-09-20,57219323,MANGUE vrac,1,29,3,1,84,la pièce,
2018-09-20,57219272,NECTARINE chair blanche France A-AA vrac,,,3,34,le kg,,
2018-09-20,57219264,NECTARINE chair jaune France A-AA vrac,,,3,54,le kg,,
2018-09-20,57219265,NECTARINE France barq.1kg,,,2,51,le kg,,
2018-09-20,57219247,NECTARINE hors Fr. barq.1kg,,,2,39,le kg,,
2018-09-20,57219324,ORANGE vrac,,,2,63,le kg,,
2018-09-20,57219266,PÊCHE chair blanche France A-AA vrac,,,3,34,le kg,,
2018-09-20,57219268,PÊCHE chair jaune France A-AA vrac,2,99,3,99,3,33,le kg
2018-09-20,57219269,PÊCHE France barq.1kg,,,2,42,le kg,,
2018-09-20,57219329,POIRE Conférence hors Fr. vrac,,,2,94,le kg,,
2018-09-20,57219281,POIRE Guyot ou Limonera France vrac,,,2,25,le kg,,
2018-09-20,57219289,POIRE Williams verte France vrac,,,2,3,le kg,,
2018-09-20,57219327,POMME Bicolore France sachet 2kg,,,1,41,le kg,,
2018-09-20,57219226,POMME Gala France +170g vrac,,,2,2,le kg,,
2018-09-20,57219274,POMME Golden France 136/180g vrac,,,2,28,le kg,,
2018-09-20,57219227,POMME Golden France +170g vrac,1,99,2,99,2,43,le kg
2018-09-20,57219228,POMME Golden France sachet 2kg,,,1,49,le kg,,
2018-09-20,57219229,POMME Granny smith France +170g vrac,,,2,76,le kg,,
2018-09-20,57227851,PRUNE bleue Président France vrac,,,3,31,le kg,,
2018-09-20,57225914,PRUNE jaune Mirabelle France vrac,,,4,43,le kg,,
2018-09-20,57226693,PRUNE rouge-bleue France barq.,,,2,59,le kg,,
2018-09-20,57227726,PRUNE rouge France vrac,,,2,33,le kg,,
2018-09-20,57225955,PRUNE verte Reine Claude Bavay France barq.,,,3,79,le kg,,
2018-09-20,57226866,PRUNE verte Reine Claude Bavay France vrac,,,4,21,le kg,,
2018-09-20,57226936,RAISIN blanc Chasselas AOP Moissac France barq.,,,3,86,le kg,,
2018-09-20,57222862,RAISIN blanc Chasselas sans label France vrac,,,3,69,le kg,,
2018-09-20,57222854,RAISIN blanc Idéal ou Italia hors Fr. vrac,1,39,2,49,1,97,le kg
2018-09-20,57222868,RAISIN noir Muscat Hambourg sans label France barq.,,,3,71,le kg,,
2018-09-20,57222856,RAISIN noir Muscat Hambourg sans label France vrac,,,4,5,le kg,,
2018-09-27,57219316,ANANAS standard (hors Victoria),1,29,2,19,1,65,la pièce
2018-09-27,57219214,BANANE Afrique vrac,,,1,68,le kg,,
2018-09-27,57219236,BANANE Amérique vrac,,,1,67,le kg,,
2018-09-27,57219375,BANANE biologique,1,49,1,99,1,82,le kg
2018-09-27,57219384,FRAMBOISE hors Fr. barq.125g,,,12,85,le kg,,
2018-09-27,57219323,MANGUE vrac,1,69,2,19,1,88,la pièce
2018-09-27,57219272,NECTARINE chair blanche France A-AA vrac,,,3,58,le kg,,
2018-09-27,57219264,NECTARINE chair jaune France A-AA vrac,,,3,64,le kg,,
2018-09-27,57219265,NECTARINE France barq.1kg,,,2,69,le kg,,
2018-09-27,57221274,NOIX sans label France vrac,,,5,95,le kg,,
2018-09-27,57219324,ORANGE vrac,,,2,64,le kg,,
2018-09-27,57219266,PÊCHE chair blanche France A-AA vrac,,,3,42,le kg,,
2018-09-27,57219268,PÊCHE chair jaune France A-AA vrac,,,3,57,le kg,,
2018-09-27,57219269,PÊCHE France barq.1kg,,,2,53,le kg,,
2018-09-27,57219306,POIRE Conférence France vrac,,,2,17,le kg,,
2018-09-27,57219329,POIRE Conférence hors Fr. vrac,,,2,71,le kg,,
2018-09-27,57219281,POIRE Guyot ou Limonera France vrac,,,2,31,le kg,,
2018-09-27,57219289,POIRE Williams verte France vrac,,,2,4,le kg,,
2018-09-27,57219327,POMME Bicolore France sachet 2kg,,,1,37,le kg,,
2018-09-27,57219294,POMME Gala France 136/180g vrac,,,1,45,le kg,,
2018-09-27,57219226,POMME Gala France +170g vrac,,,2,34,le kg,,
2018-09-27,57219274,POMME Golden France 136/180g vrac,,,1,92,le kg,,
2018-09-27,57219227,POMME Golden France +170g vrac,1,99,2,69,2,24,le kg
2018-09-27,57219228,POMME Golden France sachet 2kg,0,9,1,5,1,28,le kg
2018-09-27,57219381,POMME Granny smith France 136/180g vrac,,,1,71,le kg,,
2018-09-27,57219229,POMME Granny smith France +170g vrac,,,2,53,le kg,,
2018-09-27,57225914,PRUNE jaune Mirabelle France vrac,,,4,39,le kg,,
2018-09-27,57226959,PRUNE jaune T-C Sun France vrac,,,3,45,le kg,,
2018-09-27,57227726,PRUNE rouge France vrac,,,2,5,le kg,,
2018-09-27,57225955,PRUNE verte Reine Claude Bavay France barq.,,,3,76,le kg,,
2018-09-27,57226936,RAISIN blanc Chasselas AOP Moissac France barq.,,,3,97,le kg,,
2018-09-27,57222854,RAISIN blanc Idéal ou Italia hors Fr. vrac,1,49,2,49,2,1,le kg
2018-09-27,57222868,RAISIN noir Muscat Hambourg sans label France barq.,,,3,98,le kg,,
2018-09-27,57222856,RAISIN noir Muscat Hambourg sans label France vrac,,,3,93,le kg,,
2018-10-04,57219316,ANANAS standard (hors Victoria),1,29,2,19,1,63,la pièce
2018-10-04,57219214,BANANE Afrique vrac,,,1,48,le kg,,
2018-10-04,57219236,BANANE Amérique vrac,,,1,13,le kg,,
2018-10-04,57219375,BANANE biologique,1,49,1,99,1,93,le kg
2018-10-04,57223156,FRAMBOISE France barq.125g,,,16,72,le kg,,
2018-10-04,57219384,FRAMBOISE hors Fr. barq.125g,,,13,75,le kg,,
2018-10-04,57219323,MANGUE vrac,1,29,2,19,1,63,la pièce
2018-10-04,57222876,MARRON CHATAIGNE France vrac,,,7,98,le kg,,
2018-10-04,57223725,NOIX sans label France sachet 500g,,,6,6,le kg,,
2018-10-04,57221274,NOIX sans label France vrac,,,5,81,le kg,,
2018-10-04,57219324,ORANGE vrac,,,2,4,le kg,,
2018-10-04,57219306,POIRE Conférence France vrac,,,2,22,le kg,,
2018-10-04,57219329,POIRE Conférence hors Fr. vrac,,,2,88,le kg,,
2018-10-04,57219331,POIRE Doyenne du comice hors Fr. vrac,,,2,34,le kg,,
2018-10-04,57219289,POIRE Williams verte France vrac,,,2,34,le kg,,
2018-10-04,57227915,POMME Bicolore France sachet,1,17,1,35,1,26,le kg
2018-10-04,57219226,POMME Gala France +170g vrac,1,99,2,69,2,2,le kg
2018-10-04,57219227,POMME Golden France +170g vrac,1,99,2,69,2,34,le kg
2018-10-04,57227916,POMME Golden France sachet,0,9,1,99,1,42,le kg
2018-10-04,57219229,POMME Granny smith France +170g vrac,,,2,74,le kg,,
2018-10-04,57227917,POMME Reinette grise du Canada France +170g vrac,,,2,99,le kg,,
2018-10-04,57227726,PRUNE rouge France vrac,,,2,72,le kg,,
2018-10-04,57225955,PRUNE verte Reine Claude Bavay France barq.,,,3,71,le kg,,
2018-10-04,57226866,PRUNE verte Reine Claude Bavay France vrac,,,4,13,le kg,,
2018-10-04,57226936,RAISIN blanc Chasselas AOP Moissac France barq.,,,3,64,le kg,,
2018-10-04,57222854,RAISIN blanc Idéal ou Italia hors Fr. vrac,1,39,2,49,1,96,le kg
2018-10-04,57222868,RAISIN noir Muscat Hambourg sans label France barq.,,,3,98,le kg,,
2018-10-04,57222856,RAISIN noir Muscat Hambourg sans label France vrac,,,3,99,le kg,,
2018-10-11,57219316,ANANAS standard (hors Victoria),1,9,2,25,1,58,la pièce
2018-10-11,57219214,BANANE Afrique vrac,,,1,54,le kg,,
2018-10-11,57219236,BANANE Amérique vrac,,,1,54,le kg,,
2018-10-11,57219375,BANANE biologique,1,99,1,99,1,94,le kg
2018-10-11,57219384,FRAMBOISE hors Fr. barq.125g,,,14,9,le kg,,
2018-10-11,57219323,MANGUE vrac,0,99,1,99,1,64,la pièce
2018-10-11,57222876,MARRON CHATAIGNE France vrac,,,7,78,le kg,,
2018-10-11,57223725,NOIX sans label France sachet 500g,,,6,6,le kg,,
2018-10-11,57221274,NOIX sans label France vrac,,,5,95,le kg,,
2018-10-11,57219324,ORANGE vrac,,,2,64,le kg,,
2018-10-11,57219306,POIRE Conférence France vrac,,,1,89,le kg,,
2018-10-11,57219329,POIRE Conférence hors Fr. vrac,,,2,7,le kg,,
2018-10-11,57219331,POIRE Doyenne du comice hors Fr. vrac,,,2,71,le kg,,
2018-10-11,57219289,POIRE Williams verte France vrac,,,2,57,le kg,,
2018-10-11,57227915,POMME Bicolore France sachet,0,88,1,55,1,33,le kg
2018-10-11,57219226,POMME Gala France +170g vrac,1,29,1,99,1,71,le kg
2018-10-11,57219227,POMME Golden France +170g vrac,1,29,1,99,1,94,le kg
2018-10-11,57227916,POMME Golden France sachet,1,1,99,1,45,le kg,
2018-10-11,57219229,POMME Granny smith France +170g vrac,,,1,5,le kg,,
2018-10-11,57227917,POMME Reinette grise du Canada France +170g vrac,,,3,17,le kg,,
2018-10-11,57225955,PRUNE verte Reine Claude Bavay France barq.,,,3,29,le kg,,
2018-10-11,57222854,RAISIN blanc Idéal ou Italia hors Fr. vrac,1,29,2,29,2,4,le kg
2018-10-11,57222868,RAISIN noir Muscat Hambourg sans label France barq.,,,3,83,le kg,,
2018-10-11,57222856,RAISIN noir Muscat Hambourg sans label France vrac,,,3,49,le kg,,
2018-10-18,57219316,ANANAS standard (hors Victoria),1,49,1,99,1,63,la pièce
2018-10-18,57219214,BANANE Afrique vrac,,,1,43,le kg,,
2018-10-18,57219236,BANANE Amérique vrac,,,1,56,le kg,,
2018-10-18,57219375,BANANE biologique,1,99,1,99,1,97,le kg
2018-10-18,57219215,BANANE France vrac,,,1,3,le kg,,
2018-10-18,57219384,FRAMBOISE hors Fr. barq.125g,,,15,25,le kg,,
2018-10-18,57219339,KIWI hors UE. cdt 1kg,,,2,93,le kg,,
2018-10-18,57222319,KIWI hors UE. vrac,0,49,0,69,0,53,la pièce
2018-10-18,57219323,MANGUE vrac,0,99,1,99,1,57,la pièce
2018-10-18,57222876,MARRON CHATAIGNE France vrac,,,7,48,le kg,,
2018-10-18,57221274,NOIX sans label France vrac,,,5,78,le kg,,
2018-10-18,57219324,ORANGE vrac,,,2,84,le kg,,
2018-10-18,57219325,POIRE Abate Fétel hors Fr. vrac,,,2,74,le kg,,
2018-10-18,57219306,POIRE Conférence France vrac,,,2,14,le kg,,
2018-10-18,57219329,POIRE Conférence hors Fr. vrac,,,2,1,le kg,,
2018-10-18,57219331,POIRE Doyenne du comice hors Fr. vrac,,,2,71,le kg,,
2018-10-18,57219289,POIRE Williams verte France vrac,,,2,51,le kg,,
2018-10-18,57227915,POMME Bicolore France sachet,1,35,2,33,1,56,le kg
2018-10-18,57219226,POMME Gala France +170g vrac,,,2,19,le kg,,
2018-10-18,57219227,POMME Golden France +170g vrac,1,99,2,99,2,26,le kg
2018-10-18,57227916,POMME Golden France sachet,1,35,1,99,1,45,le kg
2018-10-18,57219229,POMME Granny smith France +170g vrac,,,2,72,le kg,,
2018-10-18,57227917,POMME Reinette grise du Canada France +170g vrac,,,3,12,le kg,,
2018-10-18,57226693,PRUNE rouge-bleue France barq.,,,2,17,le kg,,
2018-10-18,57222854,RAISIN blanc Idéal ou Italia hors Fr. vrac,1,69,2,99,2,3,le kg
2018-10-18,57222868,RAISIN noir Muscat Hambourg sans label France barq.,,,4,38,le kg,,
2018-10-18,57222856,RAISIN noir Muscat Hambourg sans label France vrac,,,3,82,le kg,,
2018-10-25,57219316,ANANAS standard (hors Victoria),1,29,2,19,1,63,la pièce
2018-10-25,57219214,BANANE Afrique vrac,,,1,47,le kg,,
2018-10-25,57219236,BANANE Amérique vrac,,,1,3,le kg,,
2018-10-25,57219375,BANANE biologique,1,99,1,99,1,99,le kg
2018-10-25,57219215,BANANE France vrac,,,1,55,le kg,,
2018-10-25,57219384,FRAMBOISE hors Fr. barq.125g,,,16,56,le kg,,
2018-10-25,57219339,KIWI hors UE. cdt 1kg,,,2,66,le kg,,
2018-10-25,57222319,KIWI hors UE. vrac,0,45,0,49,0,49,la pièce
2018-10-25,57219323,MANGUE vrac,1,29,2,5,1,7,la pièce
2018-10-25,57222876,MARRON CHATAIGNE France vrac,,,7,4,le kg,,
2018-10-25,57221274,NOIX sans label France vrac,,,5,65,le kg,,
2018-10-25,57219324,ORANGE vrac,,,2,38,le kg,,
2018-10-25,57219306,POIRE Conférence France vrac,,,2,34,le kg,,
2018-10-25,57219329,POIRE Conférence hors Fr. vrac,,,2,6,le kg,,
2018-10-25,57219331,POIRE Doyenne du comice hors Fr. vrac,,,2,71,le kg,,
2018-10-25,57219289,POIRE Williams verte France vrac,,,2,44,le kg,,
2018-10-25,57227915,POMME Bicolore France sachet,1,35,2,1,54,le kg,
2018-10-25,57219226,POMME Gala France +170g vrac,,,1,72,le kg,,
2018-10-25,57219274,POMME Golden France 136/180g vrac,,,1,41,le kg,,
2018-10-25,57219227,POMME Golden France +170g vrac,1,29,1,99,1,85,le kg
2018-10-25,57227916,POMME Golden France sachet,1,35,1,99,1,51,le kg
2018-10-25,57219229,POMME Granny smith France +170g vrac,,,2,72,le kg,,
2018-10-25,57227917,POMME Reinette grise du Canada France +170g vrac,,,2,59,le kg,,
2018-10-25,57227802,PRUNE hors Fr. vrac,,,3,37,le kg,,
2018-10-25,57226936,RAISIN blanc Chasselas AOP Moissac France barq.,,,3,99,le kg,,
2018-10-25,57222854,RAISIN blanc Idéal ou Italia hors Fr. vrac,1,59,2,29,1,98,le kg
2018-10-25,57222868,RAISIN noir Muscat Hambourg sans label France barq.,,,5,18,le kg,,
2018-11-01,57219316,ANANAS standard (hors Victoria),1,29,2,19,1,73,la pièce
2018-11-01,57219214,BANANE Afrique vrac,,,1,42,le kg,,
2018-11-01,57219236,BANANE Amérique vrac,,,1,4,le kg,,
2018-11-01,57219375,BANANE biologique,1,49,1,99,1,87,le kg
2018-11-01,57219215,BANANE France vrac,,,1,33,le kg,,
2018-11-01,57227108,CLÉMENTINE Corse cdt 1kg,,,2,99,le kg,,
2018-11-01,57219361,CLÉMENTINE hors Fr. vrac,,,2,67,le kg,,
2018-11-01,57219384,FRAMBOISE hors Fr. barq.125g,,,15,21,le kg,,
2018-11-01,57219339,KIWI hors UE. cdt 1kg,,,3,11,le kg,,
2018-11-01,57222319,KIWI hors UE. vrac,0,49,0,49,0,49,la pièce
2018-11-01,57219323,MANGUE vrac,1,49,2,1,1,72,la pièce
2018-11-01,57222876,MARRON CHATAIGNE France vrac,,,6,12,le kg,,
2018-11-01,57223725,NOIX sans label France sachet 500g,,,6,42,le kg,,
2018-11-01,57221274,NOIX sans label France vrac,3,99,5,99,5,17,le kg
2018-11-01,57219324,ORANGE vrac,,,2,3,le kg,,
2018-11-01,57219325,POIRE Abate Fétel hors Fr. vrac,,,2,79,le kg,,
2018-11-01,57219306,POIRE Conférence France vrac,,,2,21,le kg,,
2018-11-01,57219329,POIRE Conférence hors Fr. vrac,,,2,72,le kg,,
2018-11-01,57219331,POIRE Doyenne du comice hors Fr. vrac,,,2,71,le kg,,
2018-11-01,57219289,POIRE Williams verte France vrac,,,2,45,le kg,,
2018-11-01,57227915,POMME Bicolore France sachet,1,35,1,99,1,57,le kg
2018-11-01,57219226,POMME Gala France +170g vrac,,,2,17,le kg,,
2018-11-01,57219227,POMME Golden France +170g vrac,1,89,2,59,2,9,le kg
2018-11-01,57227916,POMME Golden France sachet,1,19,1,5,1,38,le kg
2018-11-01,57219229,POMME Granny smith France +170g vrac,,,2,58,le kg,,
2018-11-01,57227917,POMME Reinette grise du Canada France +170g vrac,,,2,64,le kg,,
2018-11-01,57222854,RAISIN blanc Idéal ou Italia hors Fr. vrac,1,99,2,99,2,33,le kg
2018-11-01,57222868,RAISIN noir Muscat Hambourg sans label France barq.,,,5,18,le kg,,
2018-11-08,57219316,ANANAS standard (hors Victoria),1,9,2,5,1,69,la pièce
2018-11-08,57219214,BANANE Afrique vrac,,,1,56,le kg,,
2018-11-08,57219236,BANANE Amérique vrac,,,1,58,le kg,,
2018-11-08,57219375,BANANE biologique,1,49,1,99,1,87,le kg
2018-11-08,57227124,CLÉMENTINE Corse cal.3-4-5 vrac,,,3,16,le kg,,
2018-11-08,57227108,CLÉMENTINE Corse cdt 1kg,,,3,6,le kg,,
2018-11-08,57219361,CLÉMENTINE hors Fr. vrac,,,2,29,le kg,,
2018-11-08,57219384,FRAMBOISE hors Fr. barq.125g,,,13,36,le kg,,
2018-11-08,57219319,KIWI France cdt 1kg,,,2,99,le kg,,
2018-11-08,57222318,KIWI France vrac,,,0,63,la pièce,,
2018-11-08,57219339,KIWI hors UE. cdt 1kg,,,3,1,le kg,,
2018-11-08,57222319,KIWI hors UE. vrac,0,49,0,49,0,49,la pièce
2018-11-08,57219323,MANGUE vrac,0,99,2,5,1,63,la pièce
2018-11-08,57222876,MARRON CHATAIGNE France vrac,,,5,79,le kg,,
2018-11-08,57223725,NOIX sans label France sachet 500g,,,6,1,le kg,,
2018-11-08,57221274,NOIX sans label France vrac,3,99,5,99,5,42,le kg
2018-11-08,57219324,ORANGE vrac,,,2,44,le kg,,
2018-11-08,57219325,POIRE Abate Fétel hors Fr. vrac,,,2,76,le kg,,
2018-11-08,57219306,POIRE Conférence France vrac,,,2,21,le kg,,
2018-11-08,57219329,POIRE Conférence hors Fr. vrac,,,2,69,le kg,,
2018-11-08,57219331,POIRE Doyenne du comice hors Fr. vrac,,,2,63,le kg,,
2018-11-08,57219289,POIRE Williams verte France vrac,,,2,55,le kg,,
2018-11-08,57227915,POMME Bicolore France sachet,1,33,1,35,1,35,le kg
2018-11-08,57219226,POMME Gala France +170g vrac,,,2,24,le kg,,
2018-11-08,57219227,POMME Golden France +170g vrac,1,99,2,79,2,17,le kg
2018-11-08,57219372,POMME Golden France biologique,,,3,7,le kg,,
2018-11-08,57227916,POMME Golden France sachet,0,95,1,75,1,28,le kg
2018-11-08,57219229,POMME Granny smith France +170g vrac,,,2,61,le kg,,
2018-11-08,57227917,POMME Reinette grise du Canada France +170g vrac,,,2,61,le kg,,
2018-11-08,57222854,RAISIN blanc Idéal ou Italia hors Fr. vrac,1,99,2,49,2,25,le kg
2018-11-15,57219316,ANANAS standard (hors Victoria),1,49,2,19,1,74,la pièce
2018-11-15,57219214,BANANE Afrique vrac,,,1,62,le kg,,
2018-11-15,57219236,BANANE Amérique vrac,,,1,55,le kg,,
2018-11-15,57219375,BANANE biologique,1,49,1,99,1,9,le kg
2018-11-15,57219215,BANANE France vrac,,,1,49,le kg,,
2018-11-15,57227124,CLÉMENTINE Corse cal.3-4-5 vrac,,,3,32,le kg,,
2018-11-15,57227108,CLÉMENTINE Corse cdt 1kg,,,2,99,le kg,,
2018-11-15,57219361,CLÉMENTINE hors Fr. vrac,,,2,17,le kg,,
2018-11-15,57219384,FRAMBOISE hors Fr. barq.125g,,,13,52,le kg,,
2018-11-15,57219319,KIWI France cdt 1kg,,,2,59,le kg,,
2018-11-15,57222318,KIWI France vrac,,,0,62,la pièce,,
2018-11-15,57219339,KIWI hors UE. cdt 1kg,,,3,2,le kg,,
2018-11-15,57222319,KIWI hors UE. vrac,,,0,5,la pièce,,
2018-11-15,57219323,MANGUE vrac,1,49,2,5,1,75,la pièce
2018-11-15,57222876,MARRON CHATAIGNE France vrac,,,5,42,le kg,,
2018-11-15,57223725,NOIX sans label France sachet 500g,,,6,8,le kg,,
2018-11-15,57221274,NOIX sans label France vrac,,,5,6,le kg,,
2018-11-15,57219324,ORANGE vrac,,,2,24,le kg,,
2018-11-15,57219325,POIRE Abate Fétel hors Fr. vrac,,,2,81,le kg,,
2018-11-15,57219306,POIRE Conférence France vrac,,,2,15,le kg,,
2018-11-15,57219329,POIRE Conférence hors Fr. vrac,,,2,5,le kg,,
2018-11-15,57219331,POIRE Doyenne du comice hors Fr. vrac,,,2,63,le kg,,
2018-11-15,57219289,POIRE Williams verte France vrac,,,2,71,le kg,,
2018-11-15,57227915,POMME Bicolore France sachet,1,33,1,45,1,42,le kg
2018-11-15,57219226,POMME Gala France +170g vrac,1,29,1,99,1,91,le kg
2018-11-15,57219227,POMME Golden France +170g vrac,1,29,1,99,1,91,le kg
2018-11-15,57219372,POMME Golden France biologique,,,3,16,le kg,,
2018-11-15,57227916,POMME Golden France sachet,1,1,75,1,32,le kg,
2018-11-15,57219229,POMME Granny smith France +170g vrac,,,2,55,le kg,,
2018-11-15,57227917,POMME Reinette grise du Canada France +170g vrac,,,2,6,le kg,,
2018-11-15,57222854,RAISIN blanc Idéal ou Italia hors Fr. vrac,1,99,2,49,2,3,le kg
2018-11-22,57219316,ANANAS standard (hors Victoria),0,99,2,19,1,58,la pièce
2018-11-22,57219214,BANANE Afrique vrac,,,1,3,le kg,,
2018-11-22,57219236,BANANE Amérique vrac,,,1,5,le kg,,
2018-11-22,57219375,BANANE biologique,1,99,1,99,1,97,le kg
2018-11-22,57219215,BANANE France vrac,,,1,25,le kg,,
2018-11-22,57227124,CLÉMENTINE Corse cal.3-4-5 vrac,,,3,13,le kg,,
2018-11-22,57227108,CLÉMENTINE Corse cdt 1kg,,,2,67,le kg,,
2018-11-22,57219361,CLÉMENTINE hors Fr. vrac,,,2,38,le kg,,
2018-11-22,57219319,KIWI France cdt 1kg,,,2,81,le kg,,
2018-11-22,57222318,KIWI France vrac,,,0,52,la pièce,,
2018-11-22,57219339,KIWI hors UE. cdt 1kg,,,3,1,le kg,,
2018-11-22,57222319,KIWI hors UE. vrac,,,0,5,la pièce,,
2018-11-22,57219321,KIWI UE (hors Fr.) cdt 1kg,,,2,75,le kg,,
2018-11-22,57219323,MANGUE vrac,1,49,1,99,1,68,la pièce
2018-11-22,57222876,MARRON CHATAIGNE France vrac,,,6,16,le kg,,
2018-11-22,57223725,NOIX sans label France sachet 500g,,,6,58,le kg,,
2018-11-22,57221274,NOIX sans label France vrac,,,5,33,le kg,,
2018-11-22,57219324,ORANGE vrac,,,2,9,le kg,,
2018-11-22,57219325,POIRE Abate Fétel hors Fr. vrac,,,2,77,le kg,,
2018-11-22,57219306,POIRE Conférence France vrac,,,2,29,le kg,,
2018-11-22,57219329,POIRE Conférence hors Fr. vrac,,,2,57,le kg,,
2018-11-22,57219331,POIRE Doyenne du comice hors Fr. vrac,,,2,63,le kg,,
2018-11-22,57219289,POIRE Williams verte France vrac,,,2,6,le kg,,
2018-11-22,57227915,POMME Bicolore France sachet,1,35,1,86,1,48,le kg
2018-11-22,57219226,POMME Gala France +170g vrac,,,2,27,le kg,,
2018-11-22,57219227,POMME Golden France +170g vrac,1,99,2,69,2,12,le kg
2018-11-22,57219372,POMME Golden France biologique,,,3,16,le kg,,
2018-11-22,57227916,POMME Golden France sachet,0,93,1,75,1,39,le kg
2018-11-22,57219229,POMME Granny smith France +170g vrac,,,2,59,le kg,,
2018-11-22,57227917,POMME Reinette grise du Canada France +170g vrac,,,2,51,le kg,,
2018-11-22,57222854,RAISIN blanc Idéal ou Italia hors Fr. vrac,,,2,92,le kg,,
2018-11-29,57219316,ANANAS standard (hors Victoria),1,5,2,19,1,68,la pièce
2018-11-29,57219214,BANANE Afrique vrac,,,1,49,le kg,,
2018-11-29,57219236,BANANE Amérique vrac,,,1,67,le kg,,
2018-11-29,57219375,BANANE biologique,1,35,1,99,1,83,le kg
2018-11-29,57219215,BANANE France vrac,,,1,58,le kg,,
2018-11-29,57227124,CLÉMENTINE Corse cal.3-4-5 vrac,,,2,89,le kg,,
2018-11-29,57227108,CLÉMENTINE Corse cdt 1kg,,,3,3,le kg,,
2018-11-29,57219361,CLÉMENTINE hors Fr. vrac,,,2,24,le kg,,
2018-11-29,57219319,KIWI France cdt 1kg,,,3,4,le kg,,
2018-11-29,57222318,KIWI France vrac,,,0,5,la pièce,,
2018-11-29,57219339,KIWI hors UE. cdt 1kg,,,2,91,le kg,,
2018-11-29,57222319,KIWI hors UE. vrac,,,0,46,la pièce,,
2018-11-29,57219321,KIWI UE (hors Fr.) cdt 1kg,,,2,55,le kg,,
2018-11-29,57219323,MANGUE vrac,1,29,1,99,1,61,la pièce
2018-11-29,57222876,MARRON CHATAIGNE France vrac,,,6,71,le kg,,
2018-11-29,57223725,NOIX sans label France sachet 500g,,,6,5,le kg,,
2018-11-29,57221274,NOIX sans label France vrac,4,99,6,95,5,78,le kg
2018-11-29,57219324,ORANGE vrac,,,2,7,le kg,,
2018-11-29,57219325,POIRE Abate Fétel hors Fr. vrac,,,2,33,le kg,,
2018-11-29,57219306,POIRE Conférence France vrac,,,2,25,le kg,,
2018-11-29,57219329,POIRE Conférence hors Fr. vrac,,,1,92,le kg,,
2018-11-29,57219331,POIRE Doyenne du comice hors Fr. vrac,,,2,52,le kg,,
2018-11-29,57219289,POIRE Williams verte France vrac,,,2,64,le kg,,
2018-11-29,57227915,POMME Bicolore France sachet,0,9,1,35,1,23,le kg
2018-11-29,57219226,POMME Gala France +170g vrac,,,2,25,le kg,,
2018-11-29,57219227,POMME Golden France +170g vrac,1,99,2,69,2,19,le kg
2018-11-29,57219372,POMME Golden France biologique,,,3,16,le kg,,
2018-11-29,57227916,POMME Golden France sachet,1,33,1,75,1,41,le kg
2018-11-29,57219229,POMME Granny smith France +170g vrac,,,2,62,le kg,,
2018-11-29,57227917,POMME Reinette grise du Canada France +170g vrac,,,2,51,le kg,,
2018-12-06,57219316,ANANAS standard (hors Victoria),1,29,2,19,1,65,la pièce
2018-12-06,57219214,BANANE Afrique vrac,,,1,5,le kg,,
2018-12-06,57219236,BANANE Amérique vrac,,,1,63,le kg,,
2018-12-06,57219375,BANANE biologique,1,39,1,99,1,83,le kg
2018-12-06,57227107,CLÉMENTINE Corse cal 1-2 vrac,,,3,9,le kg,,
2018-12-06,57227124,CLÉMENTINE Corse cal.3-4-5 vrac,,,2,88,le kg,,
2018-12-06,57227108,CLÉMENTINE Corse cdt 1kg,,,2,81,le kg,,
2018-12-06,57219361,CLÉMENTINE hors Fr. vrac,,,2,7,le kg,,
2018-12-06,57219319,KIWI France cdt 1kg,,,2,99,le kg,,
2018-12-06,57222318,KIWI France vrac,0,49,0,59,0,52,la pièce
2018-12-06,57222319,KIWI hors UE. vrac,,,0,51,la pièce,,
2018-12-06,57219321,KIWI UE (hors Fr.) cdt 1kg,,,2,66,le kg,,
2018-12-06,57219323,MANGUE vrac,0,99,1,99,1,47,la pièce
2018-12-06,57222876,MARRON CHATAIGNE France vrac,,,7,16,le kg,,
2018-12-06,57223725,NOIX sans label France sachet 500g,,,4,31,le kg,,
2018-12-06,57221274,NOIX sans label France vrac,,,5,55,le kg,,
2018-12-06,57219324,ORANGE vrac,,,2,7,le kg,,
2018-12-06,57219325,POIRE Abate Fétel hors Fr. vrac,,,2,25,le kg,,
2018-12-06,57219306,POIRE Conférence France vrac,,,1,86,le kg,,
2018-12-06,57219329,POIRE Conférence hors Fr. vrac,,,2,74,le kg,,
2018-12-06,57219331,POIRE Doyenne du comice hors Fr. vrac,,,2,41,le kg,,
2018-12-06,57219289,POIRE Williams verte France vrac,,,2,83,le kg,,
2018-12-06,57227915,POMME Bicolore France sachet,1,15,1,86,1,41,le kg
2018-12-06,57219226,POMME Gala France +170g vrac,1,99,2,99,2,34,le kg
2018-12-06,57219227,POMME Golden France +170g vrac,1,29,1,99,1,96,le kg
2018-12-06,57219372,POMME Golden France biologique,,,3,21,le kg,,
2018-12-06,57227916,POMME Golden France sachet,1,33,1,75,1,44,le kg
2018-12-06,57219229,POMME Granny smith France +170g vrac,,,2,63,le kg,,
2018-12-06,57227917,POMME Reinette grise du Canada France +170g vrac,,,2,48,le kg,,
2018-12-13,57219316,ANANAS standard (hors Victoria),1,29,2,5,1,79,la pièce
2018-12-13,57219214,BANANE Afrique vrac,,,1,34,le kg,,
2018-12-13,57219236,BANANE Amérique vrac,,,1,46,le kg,,
2018-12-13,57219375,BANANE biologique,1,39,1,99,1,79,le kg
2018-12-13,57219215,BANANE France vrac,,,1,9,le kg,,
2018-12-13,57227107,CLÉMENTINE Corse cal 1-2 vrac,,,3,7,le kg,,
2018-12-13,57227124,CLÉMENTINE Corse cal.3-4-5 vrac,,,2,96,le kg,,
2018-12-13,57227108,CLÉMENTINE Corse cdt 1kg,,,3,8,le kg,,
2018-12-13,57219361,CLÉMENTINE hors Fr. vrac,,,2,29,le kg,,
2018-12-13,57219319,KIWI France cdt 1kg,,,2,99,le kg,,
2018-12-13,57222318,KIWI France vrac,,,0,51,la pièce,,
2018-12-13,57222319,KIWI hors UE. vrac,,,0,53,la pièce,,
2018-12-13,57219321,KIWI UE (hors Fr.) cdt 1kg,,,2,17,le kg,,
2018-12-13,57219323,MANGUE vrac,0,99,1,99,1,46,la pièce
2018-12-13,57222876,MARRON CHATAIGNE France vrac,,,7,16,le kg,,
2018-12-13,57219360,NOIX AOP Grenoble sac 1kg,,,5,99,le kg,,
2018-12-13,57224955,NOIX AOP Grenoble sachet 500g,,,6,22,le kg,,
2018-12-13,57223725,NOIX sans label France sachet 500g,,,5,7,le kg,,
2018-12-13,57221274,NOIX sans label France vrac,,,5,46,le kg,,
2018-12-13,57219324,ORANGE vrac,,,1,94,le kg,,
2018-12-13,57219325,POIRE Abate Fétel hors Fr. vrac,,,2,3,le kg,,
2018-12-13,57219306,POIRE Conférence France vrac,,,2,34,le kg,,
2018-12-13,57219329,POIRE Conférence hors Fr. vrac,,,2,72,le kg,,
2018-12-13,57219331,POIRE Doyenne du comice hors Fr. vrac,,,2,4,le kg,,
2018-12-13,57227915,POMME Bicolore France sachet,1,33,1,5,1,41,le kg
2018-12-13,57219226,POMME Gala France +170g vrac,,,2,22,le kg,,
2018-12-13,57219227,POMME Golden France +170g vrac,1,99,2,59,2,12,le kg
2018-12-13,57219372,POMME Golden France biologique,,,3,44,le kg,,
2018-12-13,57227916,POMME Golden France sachet,1,33,1,99,1,48,le kg
2018-12-13,57219229,POMME Granny smith France +170g vrac,,,2,62,le kg,,
2018-12-13,57227917,POMME Reinette grise du Canada France +170g vrac,,,2,48,le kg,,
2018-12-20,57219316,ANANAS standard (hors Victoria),0,99,1,99,1,6,la pièce
2018-12-20,57219214,BANANE Afrique vrac,,,1,4,le kg,,
2018-12-20,57219236,BANANE Amérique vrac,,,1,58,le kg,,
2018-12-20,57219375,BANANE biologique,1,39,1,99,1,77,le kg
2018-12-20,57219215,BANANE France vrac,,,1,45,le kg,,
2018-12-20,57227107,CLÉMENTINE Corse cal 1-2 vrac,,,2,98,le kg,,
2018-12-20,57227124,CLÉMENTINE Corse cal.3-4-5 vrac,,,3,27,le kg,,
2018-12-20,57227108,CLÉMENTINE Corse cdt 1kg,,,3,7,le kg,,
2018-12-20,57219361,CLÉMENTINE hors Fr. vrac,,,2,13,le kg,,
2018-12-20,57219319,KIWI France cdt 1kg,,,2,92,le kg,,
2018-12-20,57222318,KIWI France vrac,,,0,5,la pièce,,
2018-12-20,57219321,KIWI UE (hors Fr.) cdt 1kg,,,2,7,le kg,,
2018-12-20,57219322,LITCHI vrac,,,3,41,le kg,,
2018-12-20,57219323,MANGUE vrac,0,99,1,49,1,36,la pièce
2018-12-20,57224955,NOIX AOP Grenoble sachet 500g,,,6,38,le kg,,
2018-12-20,57223725,NOIX sans label France sachet 500g,,,6,81,le kg,,
2018-12-20,57221274,NOIX sans label France vrac,,,5,36,le kg,,
2018-12-20,57219324,ORANGE vrac,,,1,8,le kg,,
2018-12-20,57219325,POIRE Abate Fétel hors Fr. vrac,,,2,31,le kg,,
2018-12-20,57219306,POIRE Conférence France vrac,,,2,41,le kg,,
2018-12-20,57219329,POIRE Conférence hors Fr. vrac,,,2,59,le kg,,
2018-12-20,57219331,POIRE Doyenne du comice hors Fr. vrac,,,2,43,le kg,,
2018-12-20,57219332,POIRE Williams verte hors Fr. vrac,,,2,91,le kg,,
2018-12-20,57227915,POMME Bicolore France sachet,1,35,1,99,1,49,le kg
2018-12-20,57219226,POMME Gala France +170g vrac,1,99,2,79,2,33,le kg
2018-12-20,57219227,POMME Golden France +170g vrac,1,99,2,69,2,2,le kg
2018-12-20,57219372,POMME Golden France biologique,,,3,44,le kg,,
2018-12-20,57227916,POMME Golden France sachet,1,35,1,86,1,46,le kg
2018-12-20,57219229,POMME Granny smith France +170g vrac,,,2,6,le kg,,
2018-12-20,57227917,POMME Reinette grise du Canada France +170g vrac,,,2,56,le kg,,
2018-12-27,57219316,ANANAS standard (hors Victoria),1,19,1,99,1,5,la pièce
2018-12-27,57219214,BANANE Afrique vrac,,,1,56,le kg,,
2018-12-27,57219236,BANANE Amérique vrac,,,1,64,le kg,,
2018-12-27,57219375,BANANE biologique,1,49,1,99,1,89,le kg
2018-12-27,57227107,CLÉMENTINE Corse cal 1-2 vrac,,,2,8,le kg,,
2018-12-27,57227108,CLÉMENTINE Corse cdt 1kg,,,2,94,le kg,,
2018-12-27,57219361,CLÉMENTINE hors Fr. vrac,,,2,14,le kg,,
2018-12-27,57219319,KIWI France cdt 1kg,,,2,99,le kg,,
2018-12-27,57222318,KIWI France vrac,,,0,52,la pièce,,
2018-12-27,57219321,KIWI UE (hors Fr.) cdt 1kg,,,2,86,le kg,,
2018-12-27,57219322,LITCHI vrac,,,3,17,le kg,,
2018-12-27,57219323,MANGUE vrac,0,99,1,49,1,34,la pièce
2018-12-27,57222876,MARRON CHATAIGNE France vrac,,,7,16,le kg,,
2018-12-27,57223725,NOIX sans label France sachet 500g,,,6,58,le kg,,
2018-12-27,57221274,NOIX sans label France vrac,,,5,8,le kg,,
2018-12-27,57219324,ORANGE vrac,,,1,88,le kg,,
2018-12-27,57219325,POIRE Abate Fétel hors Fr. vrac,,,2,42,le kg,,
2018-12-27,57219306,POIRE Conférence France vrac,,,2,38,le kg,,
2018-12-27,57219329,POIRE Conférence hors Fr. vrac,,,2,72,le kg,,
2018-12-27,57219331,POIRE Doyenne du comice hors Fr. vrac,,,2,36,le kg,,
2018-12-27,57219332,POIRE Williams verte hors Fr. vrac,,,2,79,le kg,,
2018-12-27,57227915,POMME Bicolore France sachet,1,35,1,99,1,46,le kg
2018-12-27,57219226,POMME Gala France +170g vrac,,,2,26,le kg,,
2018-12-27,57219227,POMME Golden France +170g vrac,1,99,2,69,2,15,le kg
2018-12-27,57219372,POMME Golden France biologique,,,3,36,le kg,,
2018-12-27,57227916,POMME Golden France sachet,1,26,1,35,1,38,le kg
2018-12-27,57219229,POMME Granny smith France +170g vrac,,,2,48,le kg,,
2018-12-27,57227917,POMME Reinette grise du Canada France +170g vrac,,,2,71,le kg,,
Source : RNM.FranceAgriMer.fr,,,,,,,,,
